name,Control,CIP,FDR,AveExpr,P value,CTRL1,CTRL2,CIP1,CIP2,CTRL1 CPM,CTRL2 CPM,CIP1 CPM,CIP2 CPM
sulA,0,3.63416611540435,0.00000882581825425148,8.31592612801977,2.030546772404e-9,439,959,7243,7248,97.512,96.118,979.276,1121.573
cheZ,0,3.13637526678693,0.00000882581825425148,6.99928049012978,5.81563091777991e-9,217,443,2568,2321,48.201,44.401,347.202,359.157
cheB,0,2.87499471426173,0.00000882581825425148,6.42507040055902,1.81790845498075e-8,157,330,1656,1357,34.873,33.075,223.896,209.985
cheR,0,2.95005921860345,0.00000882581825425148,6.00824376809658,2.00131933202981e-8,112,245,1253,1064,24.878,24.556,169.410,164.646
tap,0,2.71721975609841,0.00000882581825425148,7.28415040381601,1.93334251488726e-8,319,602,2767,2378,70.857,60.337,374.107,367.978
cheA,0,2.87040124847438,0.00000882581825425148,7.95397146924898,1.17410756349951e-8,483,904,4701,3947,107.285,90.605,635.590,610.768
motB,0,2.58858446732344,0.00000882581825425148,7.15687185886461,1.75261026107332e-8,282,617,2434,2096,62.638,61.840,329.084,324.340
recN,0,3.50102681447833,0.00000882581825425148,7.7220922686998,1.32837561595976e-8,263,754,4979,4310,58.418,75.571,673.176,666.940
ygdI,0,-2.6903942850949,0.00000882581825425148,8.52775533198353,1.99432988392601e-8,4838,9358,948,927,1074.628,937.923,128.173,143.446
tsr,0,2.58918830085432,0.00000882581825425148,7.91026458682402,1.93651645549697e-8,475,1042,3870,3747,105.508,104.436,523.236,579.820
flgK,0,2.67873365186161,0.00000942900549719343,7.95324801761007,3.31044582110378e-8,521,957,4082,3973,115.726,95.917,551.899,614.792
yebG,0,2.39498813842877,0.00000942900549719343,7.31556997813595,2.88340215879869e-8,335,740,2555,2177,74.411,74.168,345.444,336.874
cheY,0,3.02095570790188,0.00000942900549719343,5.92862838934715,3.60028491803768e-8,99,234,1137,1113,21.990,23.453,153.726,172.228
fliC,0,2.75299150053296,0.00000942900549719343,12.4883992797856,3.44587831691828e-8,9904,25574,101104,91400,2199.899,2563.203,13669.576,14143.459
recA,0,2.86024040263869,0.00000942900549719343,10.497771700417,3.1056277820073e-8,2370,6278,25849,24392,526.430,629.225,3494.865,3774.478
hdeA,0,-2.21315137485386,0.00000942900549719343,9.56373515327586,3.84857367232385e-8,7769,17647,2399,2140,1725.668,1768.704,324.352,331.149
tisB,0,2.9403160627353,0.00000942900549719343,5.81788751644532,3.36340728966316e-8,106,203,1094,916,23.545,20.346,147.912,141.744
uvrA,0,2.22953690499207,0.00000942900549719343,9.51308393046116,3.76101576338558e-8,1707,3440,10842,9607,379.163,344.781,1465.872,1486.611
polB,0,2.3983992393685,0.0000128300266885202,7.70444269196942,5.61630464621101e-8,485,885,3265,2894,107.729,88.701,441.438,447.825
cheW,0,2.49288947949555,0.0000128300266885202,6.54095324908214,5.81860620794566e-8,204,392,1565,1284,45.313,39.289,211.593,198.689
motA,0,2.28145603398277,0.0000177871546782155,7.22382253858531,8.8016857247945e-8,361,663,2271,1967,80.186,66.450,307.046,304.378
fdoH,0,2.3775978528404,0.0000177871546782155,7.88627586782355,9.27674733784484e-8,456,1204,3751.99,3259.99,101.288,120.673,507.281,504.459
lexA,0,2.19292210997593,0.0000177871546782155,9.14734696045479,8.93400498762619e-8,1234,2937,7909,7739,274.099,294.366,1069.321,1197.552
tar,0,2.23643225187506,0.0000198609040781707,7.33044451554084,1.11862072402624e-7,370,767,2589,1956,82.185,76.874,350.041,302.676
dinD,0,2.61896795488856,0.0000198609040781707,6.65852639639323,1.12590159173303e-7,204,420,1558,1668,45.313,42.095,210.646,258.110
flgL,0,2.29655274638099,0.0000202609173282638,7.42008720441243,1.19452120302689e-7,344,883,2534,2394,76.410,88.500,342.605,370.453
dinB,0,2.56213517001498,0.0000227487467631274,5.50430952597177,1.46235263883422e-7,100,182,745,666,22.212,18.241,100.726,103.058
fliD,0,2.27290824997231,0.0000227487467631274,6.68921569803131,1.49594933362969e-7,221,510,1681,1280,49.089,51.116,227.276,198.070
glcD,0,2.98245305936578,0.0000227487467631274,4.61983114692833,1.44256323362061e-7,44,89,468,420,9.773,8.920,63.275,64.992
fdoI,0,2.03525111162288,0.0000288529758170789,6.82656834121334,1.96278747054959e-7,289,564,1637,1331,64.193,56.528,221.328,205.962
ybgS,0,-1.83479623736754,0.000029011737689333,7.59215936020906,2.0393738511776e-7,1839,3725,704,616,408.483,373.345,95.183,95.321
flgF,0,2.11111792084499,0.0000299794392125073,6.52178056700855,2.20836597944007e-7,206,484,1257,1216,45.757,48.510,169.950,188.167
ycgZ,0,-3.39016352154248,0.0000299794392125073,5.6761944297787,2.31133998463775e-7,703,1987,99,105,156.152,199.151,13.385,16.248
pdeH,0,2.79108834786614,0.0000299794392125073,5.57387805089908,2.29439614360683e-7,101,171,919,690,22.434,17.139,124.252,106.772
flgE,0,1.87458711572702,0.0000452959349660918,7.9456605420121,3.59491547349935e-7,585,1452,3136,2973,129.942,145.529,423.997,460.049
flgI,0,2.24409490797472,0.0000462266075481673,5.33372241336028,3.77360061617692e-7,84,206,605,537,18.658,20.647,81.798,83.097
flgG,0,1.84262441943228,0.0000474683097237789,6.99746571886863,3.9826019496141e-7,319,731,1588,1541,70.857,73.266,214.703,238.458
nadA,0,-1.81492917572301,0.0000486629412047421,7.22919022090095,4.19317860721134e-7,1301,3136,544,489,288.981,314.312,73.550,75.669
fdoG,0,1.66997108698452,0.0000519379975720827,10.4774152632855,4.59315624787126e-7,3750.98,8792.94,17748,15148,833.176,881.289,2399.585,2344.039
fliA,0,1.83103543307927,0.000056740859031636,6.51040704391966,5.14656317747265e-7,230,520,1133,1090,51.088,52.118,153.185,168.669
hdeB,0,-2.00518945045306,0.0000582105472408479,8.57980943702884,5.41186493622396e-7,4024,7517,1193,1274,893.820,753.406,161.297,197.142
dinF,0,2.09118250594343,0.0000600129520748332,5.59056055273211,5.71551924522221e-7,119,237,722,564,26.433,23.754,97.617,87.275
flgH,0,2.1274863790521,0.0000618723115056319,5.15987850567643,6.03290112186433e-7,86,175,499,462,19.103,17.540,67.466,71.491
rcsA,0,-2.49518184410728,0.0000660244149375662,5.22977151036423,6.58746997109504e-7,481,858,103,99,106.841,85.995,13.926,15.320
umuC,0,2.60835738864009,0.0000680447180585169,5.14147161038369,6.94333857739968e-7,68,153,676,468,15.104,15.335,91.397,72.419
proV,0,-1.51904633160172,0.000081219956241333,8.83727061174694,8.47192287324562e-7,3707,8347,1786,1699,823.407,836.594,241.473,262.907
umuD,0,2.71358743312147,0.0000891988080416416,4.22153931760286,9.50644892960806e-7,33,80,356,270,7.330,8.018,48.132,41.780
dinG,0,1.4919358400277,0.000103042369030502,7.04183049400914,0.00000112546459713141,377,841,1497,1360,83.740,84.291,202.399,210.450
sodB,0,-1.58439153311226,0.000103042369030502,8.58559629910771,0.00000114491521145002,3022,7568,1563,1307,671.253,758.517,211.322,202.248
uvrD,0,1.5374868757545,0.000104271259758068,8.39751296206317,0.00000118221382945655,1036,1954,4081,3357,230.119,195.843,551.764,519.470
ymgA,0,-3.68415203431163,0.000133689344664448,4.7940103317775,0.00000154606725122151,581,885,44,55,129.053,88.701,5.949,8.511
uvrB,0,1.4636230125566,0.000136867685215346,8.83008111851799,0.00000161385932680227,1263,3064,5055,4705,280.540,307.095,683.452,728.063
uhpT,0,2.07316874491589,0.000142862689603049,5.25568102502832,0.00000171694388865343,102,178,501,498,22.656,17.840,67.737,77.062
cusA,0,1.47662732733988,0.000145173032932794,10.6661603585861,0.00000189203111381868,4968,9846,17615,17368,1103.503,986.834,2381.603,2687.567
ybfA,0,-1.38499118130439,0.000145173032932794,7.37396123064506,0.00000210681952555529,1343,2758,680,644,298.310,276.426,91.938,99.654
flgJ,0,1.89490066191958,0.000145173032932794,5.28836887614439,0.00000201841115859714,92,225,493,486,20.435,22.551,66.655,75.205
hns,0,-1.42271967016554,0.000145173032932794,10.3923251329324,0.00000196569923166349,10183,24572,5547,5046,2261.871,2462.776,749.972,780.830
fliZ,0,1.64469019825924,0.000145173032932794,5.51783869283404,0.00000210568851407246,126,273,547,499,27.987,27.362,73.956,77.216
fliS,0,2.33776752057865,0.000145173032932794,4.30612073666921,0.00000202289088468142,41,95,332,249,9.107,9.522,44.887,38.531
yfdI,0,-1.67630089287957,0.000145173032932794,7.59450645749769,0.00000204648157057332,1639,3748,665,732,364.058,375.650,89.910,113.271
ilvL,0,-1.92464219515676,0.000145173032932794,5.82797025985268,0.00000185980507505258,593,1071,188,186,131.719,107.343,25.418,28.782
ilvD,0,1.32487872964536,0.000145173032932794,8.81944552912003,0.00000197946634376438,1451,2897,4927,4315,322.299,290.357,666.146,667.714
fdhE,0,1.38811664250891,0.000145173032932794,7.03080867389539,0.00000186690054644656,386,869,1472,1268,85.739,87.097,199.019,196.213
pyrB,0,-2.14642929998846,0.000145173032932794,8.17929755412972,0.00000206555696935148,2940,6548,1153,682,653.039,656.286,155.889,105.534
pyrI,0,-1.86568031699906,0.000155930827918019,7.10120094029035,0.0000022983001847327,1348,2641,573,373,299.421,264.699,77.471,57.719
glcB,0,1.29312828054503,0.000160858306966112,7.71944813012134,0.00000240740323350644,646,1444,2239,2025,143.491,144.728,302.720,313.353
rdcB,0,1.6801326833519,0.000164564212817775,5.60894556017141,0.00000250018191809318,143,270,579,541,31.763,27.061,78.283,83.716
ycgR,0,1.91299423010434,0.000172377320564521,4.99899651948699,0.00000265797228988378,90,158,413,378,19.991,15.836,55.839,58.493
bfr,0,-1.53917292024067,0.000172695269834446,8.88980433594773,0.00000270203483414439,4407,7637,1950,1655,978.893,765.433,263.646,256.099
iraP,0,-2.72473347801236,0.000186908111784036,4.38655647660501,0.00000296679542514343,304,499,53,50,67.525,50.013,7.166,7.737
glcE,0,2.53317959445444,0.000196556493885357,3.86995960874727,0.00000316451498092071,25,71,235,228,5.553,7.116,31.773,35.281
tdk,0,-2.03196063799136,0.000197339905841936,4.73338407721119,0.0000032218760137459,277,544,99,71,61.528,54.523,13.385,10.987
sra,0,-1.24834133645363,0.000209604096514685,9.44819696724167,0.00000346963697178503,5419,11030,3026,2825,1203.681,1105.503,409.125,437.147
fliI,0,1.94358644630889,0.000217612049456286,5.09396909045508,0.00000365154005890366,72,208,468,412,15.993,20.847,63.275,63.754
yahO,0,-1.61843069510256,0.000249088807743406,8.14714072059803,0.00000427238527269627,2787,4558,1099,992,619.055,456.834,148.588,153.505
yebO,0,-1.41103132181721,0.000249088807743406,8.04788193471188,0.00000443667150467375,2281,4206,1051,1043,506.661,421.554,142.098,161.396
fliT,0,2.20831103043799,0.000249088807743406,4.2294154748706,0.00000444985660537806,36,103,297,236,7.996,10.323,40.155,36.519
yedE,0,-2.25996454288942,0.000249088807743406,4.37842503653367,0.00000429892875508274,205,516,73,51,45.535,51.717,9.870,7.892
thiF,0,1.28827451266645,0.000249088807743406,8.58122484455442,0.00000446213510470047,1292,2401,4137,3597,286.982,240.645,559.335,556.609
ilvA,0,1.16027149980855,0.000259288951705049,7.8778283127696,0.0000047036544526993,778,1641,2402,2140,172.811,164.472,324.758,331.149
sufD,0,1.16887245851541,0.000259420661552454,7.59889774219503,0.00000476486929382059,635,1357,2025,1735,141.048,136.008,273.786,268.478
rarA,0,1.22200970539117,0.0002715500961767,7.54420921483509,0.0000051108067987905,631,1225,1975,1704,140.159,122.778,267.026,263.681
fliK,0,1.89855553368373,0.0002715500961767,4.82164380897812,0.00000505511906351765,62,171,366,349,13.772,17.139,49.484,54.005
zapC,0,-2.55190867635341,0.000286991690612988,5.32395483357556,0.00000546650839262835,585,848,116,95,129.942,84.992,15.684,14.701
recX,0,3.45313303326342,0.000288546704483913,4.57167708782989,0.00000556155779617519,57,52,453,501,12.661,5.212,61.247,77.526
bdm,0,-2.56598897886616,0.000293194222320091,5.6640019940187,0.00000578410370563445,749,1062,131,135,166.370,106.441,17.712,20.890
gabD,0,1.19278214795913,0.000293194222320091,7.73928024782555,0.00000574150613357293,729,1417,2238,1933,161.927,142.022,302.585,299.117
flgN,0,1.45706938290426,0.000314295323781006,6.02873744607706,0.00000648545906214775,208,388,702,685,46.201,38.888,94.913,105.999
ymgC,0,-3.80743867023853,0.000314295323781006,6.06947606883965,0.00000644142887670938,1551,2074,83,162,344.512,207.871,11.222,25.068
cho,0,1.43397149506609,0.000314295323781006,5.93593411436262,0.00000637820154974388,181,394,743,566,40.204,39.489,100.456,87.584
torI,0,-1.97888288841157,0.000314295323781006,5.59514805340591,0.00000646182310037269,546,881,156,155,121.279,88.300,21.092,23.985
pnuC,0,-1.19965737227907,0.000322063451592405,7.04549423783838,0.00000685979129567784,979,2113,628,502,217.458,211.779,84.908,77.681
upp,0,-1.60284894410012,0.000322063451592405,6.70420599191515,0.00000677052129642019,841,2027,471,315,186.805,203.160,63.681,48.744
gpp,0,1.14208408677168,0.000322063451592405,8.89998596397833,0.00000686484454641408,1649,3235,4844,4324,366.280,324.234,654.924,669.106
rpsT,0,-1.1185766443542,0.000325114959499416,10.4653224026149,0.00000700361023864954,10212,21928,6508,5884,2268.313,2197.776,879.902,910.505
flgM,0,1.45286016326417,0.000325199316400053,6.08324214351306,0.00000714209423044945,181,469,751,708,40.204,47.006,101.538,109.558
nadB,0,-1.13185008550138,0.000325199316400053,8.05784186309883,0.00000715291013396942,1976,4060,1199,1124,438.914,406.921,162.109,173.931
flgD,0,1.72847131595002,0.000327877087136544,6.53580634705617,0.0000072861574919232,205,633,1181,1034,45.535,63.444,159.675,160.004
yciY,0,-1.76276049758949,0.000341965797902502,5.38469203291505,0.00000767678321821942,425,730,162,129,94.402,73.166,21.903,19.962
ivy,0,-1.26671702821731,0.000363444991204624,7.69218579576158,0.00000832379685071815,1705,3113,888,832,378.718,312.006,120.060,128.746
codB,0,-1.4381201975364,0.000363444991204624,6.87784678101064,0.00000829595835094007,924,2096,555,381,205.241,210.076,75.038,58.957
ridA,0,-1.10828405323888,0.000364459900171899,7.58656103173076,0.00000842968476588066,1380,2978,933,763,306.529,298.476,126.145,118.068
leuC,0,1.25155687095293,0.0003650000138528,10.4275603664998,0.00000852494363420371,4754,8628,14888,12646,1055.969,864.758,2012.904,1956.873
feoA,0,-1.47450859836953,0.00038625785982076,6.65611757195457,0.00000917489096936918,783,1850,370,413,173.922,185.420,50.025,63.909
yjiT,0,-1.41477942831167,0.00038625785982076,5.54883444338606,0.0000091966157100181,358,837,207,165,79.520,83.890,27.987,25.533
slp,0,-1.86960476385001,0.000401991255665886,7.03952989057976,0.00000966237485274011,1283,2529,383,516,284.983,253.474,51.783,79.847
lgoT,0,1.65088216071977,0.000425346395758711,5.76396372099662,0.0000103201959968667,172,287,603,625,38.205,28.765,81.527,96.714
ydbK,0,1.06068472264685,0.000426869579351639,9.24802034348309,0.0000104539488820809,2075,4405,6276,5113,460.904,441.500,848.535,791.198
proX,0,-1.19850642467778,0.000432165240344514,7.70067040473051,0.0000106816351921887,1424,3595,946,829,316.302,360.316,127.902,128.281
flhB,0,1.92418323942104,0.000453777818919577,3.82991006537378,0.0000113187211068375,32,82,195,167,7.108,8.219,26.365,25.842
rapA,0,1.05677582517644,0.000511520026708733,8.08347830726169,0.0000128749938695395,919,1984,2831,2249,204.130,198.850,382.760,348.016
cusB,0,1.51037500882632,0.000543764540965063,10.5528892764274,0.0000139502889423014,3768,10885,16375,16276,836.957,1090.970,2213.951,2518.588
rmuC,0,1.3417032457786,0.000543764540965063,6.37878202964415,0.0000140564983378724,225,613,928,801,49.978,61.439,125.468,123.949
rnr,0,1.22642378092831,0.000543764540965063,9.40391550297725,0.0000138532953723884,2139,4732,6439,6934,475.120,474.274,870.573,1072.984
narG,0,-1.48739834162354,0.000558966318761811,5.69478133327796,0.0000145762191967366,438,884,187,212,97.290,88.601,25.283,32.805
cspE,0,-2.25926838868208,0.000580078323454846,12.7011248305185,0.000015258296036454,94830,114755,19165,20242,21063.855,11501.539,2591.168,3132.297
leuB,0,1.05460541620101,0.000584343522233838,9.81815354645019,0.0000158478336202089,3231,6257,9198,7665,717.677,627.120,1243.598,1186.101
lnt,0,1.07936713418051,0.000584343522233838,7.80294372780504,0.0000157822164478206,767,1588,2383,1837,170.368,159.160,322.189,284.262
gor,0,0.977400085818918,0.000584343522233838,8.00173326622905,0.0000159213964171969,895,1922,2508,2145,198.799,192.636,339.089,331.923
bisC,0,1.07032844493022,0.000584343522233838,7.55868315255046,0.000016033008206416,615,1415,1982,1570,136.605,141.821,267.973,242.946
rhlB,0,1.08641077222627,0.000584343522233838,9.80964265305972,0.0000159630087810655,3219,6071,8817,8079,715.012,608.478,1192.086,1250.164
ybjX,0,-1.09180403477967,0.000628146576756476,6.71235079925168,0.0000174960865795985,762,1585,473,453,169.257,158.860,63.951,70.098
ydeI,0,-1.63061491721971,0.000628146576756476,5.36574307932472,0.0000176484963794157,408,676,156,143,90.626,67.753,21.092,22.128
yeeD,0,-1.24479552392731,0.000628146576756476,5.54727761079044,0.0000176621713192297,352,759,218,175,78.187,76.072,29.474,27.080
asd,0,1.02555037662821,0.000633979002600225,11.2000503557734,0.0000180323132233942,7820,17953,22690,20644,1736.996,1799.374,3067.759,3194.503
gadX,0,-1.69925130377398,0.000633979002600225,8.97383581529371,0.0000181136857885778,5297,7960,1717,1894,1176.582,797.806,232.144,293.082
yfjW,0,-1.87550994636941,0.000636552687002636,5.85444541839553,0.0000183315626415725,620,1027,173,217,137.716,102.933,23.390,33.579
hslU,0,0.998251768350159,0.000655931077486975,8.30648677168531,0.000019038362339758,1153,2247,3069,2710,256.107,225.210,414.938,419.352
trpE,0,1.06883443961776,0.000665894349273958,7.84788780247012,0.0000194791093634732,814,1606,2165,2134,180.808,160.964,292.715,330.220
spy,0,-1.23457505223294,0.000665894349273958,5.40496137339387,0.0000197805350918114,316,687,186,170,70.191,68.856,25.148,26.306
glcF,0,1.35301436963689,0.000665894349273958,5.31176319625624,0.0000196517673391301,129,248,410,404,28.654,24.856,55.433,62.516
nlpA,0,-1.16193656028695,0.000670815235313516,7.00859249448045,0.0000200788233699284,868,2198,611,505,192.802,220.299,82.609,78.145
yeaQ,0,-1.76040136595139,0.000683336060727201,9.49613315541342,0.0000206085478632013,8197,11062,2734,2354,1820.736,1108.710,369.645,364.264
ytfK,0,-1.34370041133201,0.000691263583551338,7.34031419708019,0.000021004380996798,1424,2415,650,661,316.302,242.048,87.882,102.285
minC,0,-1.06277529314492,0.000698989929561016,7.11855877301709,0.0000216368290171411,1012,2060,703,545,224.788,206.467,95.048,84.335
yeiB,0,1.02924840137742,0.000698989929561016,6.74046262288124,0.0000214961842550861,381,761,1057,913,84.629,76.273,142.910,141.280
ilvE,0,0.98328651805198,0.000698989929561016,8.11801697702678,0.0000217146531405576,1018,1981,2689,2356,226.120,198.550,363.561,364.573
lolA,0,0.959068446682208,0.000716868296706571,7.89727956159402,0.0000224326133663281,814,1849,2246,2049,180.808,185.320,303.666,317.067
yoaA,0,1.1650456571267,0.000719016585919514,6.99621625335549,0.0000226628810527919,378,979,1381,1113,83.962,98.122,186.716,172.228
artJ,0,-1.26460822169713,0.000743329074087772,6.98035783970585,0.0000235977483837388,951,2083,639,430,211.238,208.773,86.395,66.539
csgD,0,-1.66057627094651,0.00074469706987767,5.58356663893428,0.0000239004939129837,491,776,175,169,109.062,77.776,23.661,26.151
yigZ,0,1.21675574413264,0.00074469706987767,5.97966637204948,0.0000239789079189635,201,437,613,629,44.647,43.799,82.880,97.333
stpA,0,-2.17592318048987,0.00076824225446918,4.36214394715913,0.000024911256777572,227,443,87,43,50.422,44.401,11.763,6.654
ychH,0,-1.115538997136,0.000770220903511573,5.78086968311488,0.0000253247235848476,397,850,258,224,88.183,85.193,34.882,34.662
gadA,0,-1.10254313249437,0.000770220903511573,7.97788538278066,0.000025313909596124,1763.86,3994.6,1302.8,943.56,391.793,400.366,176.143,146.009
sufS,0,1.00576007289307,0.000779340549910872,7.38553645250373,0.0000259780183303624,615,1173,1654,1404,136.605,117.566,223.626,217.258
ugd,0,-1.045048690314,0.000779340549910872,6.36230291496957,0.0000258414067218977,574,1252,384,355,127.498,125.484,51.918,54.934
gabT,0,1.01631747128996,0.000784104780110954,8.08740489930716,0.0000263146275411386,1008,1876,2709,2291,223.899,188.026,366.265,354.515
tatE,0,-1.22147954172578,0.000787621425014133,5.92076384312258,0.0000271315020069683,464,950,249,262,103.065,95.216,33.666,40.543
atpD,0,0.946476079511328,0.000787621425014133,11.5252232628583,0.0000271015151472232,10310,22563,28263,24641,2290.081,2261.420,3821.246,3813.009
katG,0,1.07809212462217,0.000787621425014133,9.14135920145937,0.0000268775126115878,2085,3735,5793,4837,463.125,374.348,783.232,748.489
metH,0,0.923426899963021,0.000787621425014133,10.1629588095475,0.0000271470423134123,4018,8901,10838,9566,892.487,892.120,1465.331,1480.266
uspF,0,-1.25074425918531,0.00084904135067837,5.52262696121618,0.0000298957922186013,375,697,199,183,83.296,69.858,26.905,28.318
fliG,0,1.35178948748604,0.00084904135067837,5.37147885053104,0.0000297047263759514,112,301,483,384,24.878,30.168,65.303,59.421
nusA,0,0.92183250581162,0.00084904135067837,10.2523906539221,0.0000300341158063097,4314,9394,11280,10394,958.235,941.532,1525.091,1608.393
yigA,0,0.964704726712498,0.00084904135067837,6.80037687432272,0.0000299441141582436,393,835,1098,917,87.294,83.689,148.453,141.899
flgC,0,1.43311962647335,0.000852979713726544,4.84411829019745,0.0000303668514864099,75,203,341,278,16.659,20.346,46.104,43.018
ilvX,0,-1.87969462714906,0.000865206731331906,5.33831910510557,0.0000309983364059957,468,680,141,127,103.953,68.154,19.064,19.652
caiF,0,-1.90581215935753,0.000871087010957347,3.699994114085,0.0000321298547874337,137,242,46,39,30.431,24.255,6.219,6.035
leuD,0,0.967673327658444,0.000871087010957347,9.36658328928133,0.0000321966400875391,2465,4659,6415,5531,547.531,466.957,867.328,855.880
emrE,0,-2.05920309552416,0.000871087010957347,3.59229981985343,0.000031919516045884,132,238,35,40,29.320,23.854,4.732,6.190
puuC,0,1.20393074733786,0.000871087010957347,6.57715014115567,0.0000317203204169856,344,601,933,922,76.410,60.236,126.145,142.673
dctR,0,-1.86990561810342,0.000871087010957347,4.74311087295655,0.0000317271663950391,296,465,86,92,65.748,46.606,11.627,14.236
hisF,0,0.906661890113193,0.000878011208437996,7.43329135450766,0.0000326516639872633,621,1323,1658,1404,137.938,132.600,224.167,217.258
argR,0,-0.999606550027729,0.000880369993096735,6.4040681557709,0.0000329390133471568,574,1285,412,362,127.498,128.792,55.704,56.017
yciF,0,-1.20701544533023,0.000887457555050741,5.41718710880173,0.0000334054317774202,317,686,208,157,70.413,68.756,28.122,24.295
dinI,0,1.49810104290436,0.000889292234586378,5.42462039723875,0.000033676145844881,145,237,447,472,32.208,23.754,60.436,73.038
ariR,0,-4.13605768264003,0.000912328397542811,5.3068521204515,0.0000351947383630836,1156,1225,43,85,256.773,122.778,5.814,13.153
glgS,0,-1.68237427877906,0.000912328397542811,6.16657839355486,0.000035278985315308,772,1123,278,236,171.478,112.555,37.586,36.519
yhjE,0,0.887321717002614,0.000912328397542811,9.55990291236184,0.0000353759990883947,2733,5812,7256,6043,607.060,582.519,981.034,935.109
ubiB,0,0.89151888801178,0.000912328397542811,8.29810484695096,0.0000353041076823283,1114,2471,2873,2662,247.444,247.661,388.439,411.924
ruvA,0,1.03285974352522,0.000916529554139867,6.24065109638738,0.0000357467309097635,245,582,736,666,54.420,58.332,99.509,103.058
glsA,0,-1.39056397923607,0.000919533173663904,7.38797851542151,0.0000362809007295962,1571,2419,688,645,348.954,242.449,93.020,99.809
fliP,0,1.61239749211912,0.000919533173663904,3.75778681809182,0.0000361125528079263,40,77,158,144,8.885,7.717,21.362,22.283
pheP,0,0.988615164911165,0.000925315556041576,7.96630490207517,0.0000371136375161622,897,1814,2259,2282,199.244,181.812,305.424,353.122
lhgD,0,1.07368120083674,0.000925315556041576,5.9507139121113,0.0000369394779814452,222,425,609,544,49.311,42.596,82.339,84.180
lamB,0,1.44489948268117,0.000925315556041576,5.27530324351786,0.0000371385155145939,128,226,484,342,28.432,22.651,65.438,52.922
ydiU,0,0.937555229697731,0.000930489030150976,8.43735458007271,0.0000377681488428627,1196,2704,3127,3063,265.658,271.014,422.780,473.976
rlmJ,0,1.17560956900518,0.000930489030150976,6.85011872317944,0.0000375844803833395,430,718,1214,1012,95.513,71.963,164.137,156.599
astD,0,1.73535407861805,0.000948050132591522,3.66383201462057,0.0000386959237792458,39,65,153,139,8.663,6.515,20.686,21.509
arnB,0,-1.07217538766432,0.000949721600278298,6.00108370850246,0.0000389795033220798,478,934,296,272,106.174,93.612,40.020,42.090
deaD,0,1.00718251062324,0.000952203639617446,10.7596645902874,0.0000395132122562342,5690,13579,15916,15771,1263.876,1360.981,2151.893,2440.443
glnL,0,1.02703705441994,0.000952203639617446,6.56895038992609,0.0000394653794799087,352,654,944,800,78.187,65.548,127.632,123.794
dhaR,0,-1.19792563746353,0.000954116122498883,5.05082730542636,0.0000398089266530146,242,534,146,136,53.754,53.521,19.740,21.045
yeeE,0,-1.19072042826155,0.000954994152402351,6.50755104588342,0.0000400621129692596,631,1541,461,327,140.159,154.450,62.329,50.601
flhA,0,1.248802059065,0.000975167616812345,4.97862980187779,0.0000411295185322214,92,229,331,301,20.435,22.952,44.752,46.577
pdeL,0,-1.64808636607425,0.000992523074097807,4.13608861169372,0.0000426952766319635,148,337,79,51,32.874,33.776,10.681,7.892
zipA,0,-0.843075276080926,0.000992523074097807,8.67743331011336,0.0000432118889403127,2685,5777,2104,1847,596.398,579.011,284.467,285.809
bfd,0,-1.05985939776593,0.000992523074097807,6.18015977049274,0.0000430465717190724,537,1055,328,318,119.280,105.739,44.347,49.208
prlC,0,0.897818862646574,0.000992523074097807,9.03347180443837,0.0000429639872669496,1791,4245,4864,4375,397.821,425.463,657.628,676.998
yieF,0,0.949044326625761,0.000992523074097807,6.5746017948754,0.0000424433564412098,328,736,891,821,72.856,73.767,120.466,127.044
rpoB,0,0.976549747726164,0.000992523074097807,12.9762027747543,0.0000421529197574677,29749,57146,78068,68200,6607.915,5727.567,10555.037,10553.435
tktB,0,0.900131340379167,0.00101826448029132,10.9076572193193,0.000045532068596673,7163,14231,17857,16060,1591.062,1426.329,2414.322,2485.164
glcG,0,1.46517703246355,0.00101826448029132,4.85948516389495,0.0000457179970743041,92,172,294,324,20.435,17.239,39.750,50.137
glgC,0,0.843100343970377,0.00101826448029132,9.19071380494192,0.0000453987442776594,2161,4543,5432,4692,480.006,455.331,734.423,726.052
atpG,0,0.865741881115804,0.00101826448029132,10.6535301440869,0.0000446660143799571,5827,12607,15087,13038,1294.306,1263.561,2039.809,2017.532
metF,0,-1.47379958787682,0.00101826448029132,6.37746087808988,0.000044846900791848,605,1630,403,257,134.384,163.370,54.487,39.769
thiS,0,1.43467146374323,0.00101826448029132,4.86161704787238,0.000045141071397484,84,190,371,256,18.658,19.043,50.160,39.614
cusF,0,1.26868209721449,0.00104247632023235,10.0273390172156,0.0000471728724506391,2871,8148,10275,10591,637.713,816.649,1389.212,1638.877
yfjH,0,-1.50292713842418,0.00104247632023235,4.86914293715087,0.0000472778376522608,275,461,112,109,61.084,46.205,15.143,16.867
pdeG,0,-2.0860099692377,0.00104613253166737,4.66055428704162,0.0000476808704909617,320,450,77,78,71.079,45.102,10.411,12.070
chaA,0,-0.920995466978058,0.00104930986838964,6.85923251284765,0.0000480636266246503,811,1626,590,500,180.141,162.969,79.770,77.371
thrL,0,-1.17279596636443,0.00107974759647609,5.09424316899309,0.0000497026671393755,263,518,154,138,58.418,51.918,20.821,21.354
yhiD,0,-1.35292610781337,0.00107993670083366,5.50795230154205,0.000049956255548768,401,688,180,184,89.071,68.956,24.337,28.473
thiE,0,1.13790740242261,0.00108004425205369,8.01261518278184,0.0000502061387009087,981,1603,2666,2275,217.902,160.664,360.452,352.039
ybaT,0,-1.37102576635269,0.00108119993531868,6.51763961193324,0.0000508758870109456,849,1330,375,356,188.582,133.302,50.701,55.088
mdtF,0,-0.932576091310341,0.00108119993531868,6.77289342387057,0.000050995371098931,740,1588,520,501,164.370,159.160,70.306,77.526
ysgA,0,0.856920715153761,0.00108119993531868,8.64435286200452,0.0000508395042908794,1429,3190,3582,3368,317.413,319.724,484.298,521.173
ftsK,0,0.878229247117467,0.00108291566005622,9.75154387084442,0.0000513218532770409,3269,6373,8070,7048,726.118,638.746,1091.089,1090.625
trpB,0,0.938052834188372,0.00108879154230047,8.44126454751964,0.000052094107806213,1331,2447,3377,2847,295.645,245.255,456.581,440.552
gyrB,0,0.849804029514873,0.00108879154230047,10.0140332277425,0.00005208750850498,3685,8310,9464,8466,818.521,832.886,1279.562,1310.050
mppA,0,-1.08282378278859,0.00109239796416153,5.94187684462844,0.0000525143692522097,426,967,315,235,94.624,96.919,42.589,36.364
ompT,0,-0.841727318396336,0.00111789379355341,9.98773640167022,0.0000539935097566615,6570,14512,5333,4486,1459.343,1454.493,721.038,694.175
cfa,0,-0.9112981732978,0.00113163177129758,8.61733138572982,0.0000549317556967657,2709,5522,2112,1615,601.729,553.453,285.549,249.909
yfhL,0,-1.60006179932364,0.00113163177129758,3.98976864569747,0.000055170256423805,150,267,63,53,33.318,26.761,8.518,8.201
bssR,0,-0.995852845377615,0.00113333824737688,6.04067597547459,0.0000557674230227511,454,979,306,295,100.844,98.122,41.372,45.649
iap,0,-1.17693453248128,0.00113333824737688,5.04757970598407,0.0000557674375693385,231,547,156,129,51.310,54.824,21.092,19.962
ssb,0,0.8500752860422,0.00114362465539737,8.70256621867769,0.0000565329194731577,1461,3398,3780,3444,324.521,340.571,511.068,532.933
ymfK,0,-1.02644524239321,0.00116188602550521,5.60615741801865,0.0000580746872293485,332,747,235,206,73.745,74.870,31.773,31.877
mgtT,0,-2.83631591039466,0.00116188602550521,3.43065884479417,0.0000584895006036638,170,255,20,32,37.761,25.558,2.704,4.952
feoB,0,-1.36140255772416,0.00116188602550521,7.720668224526,0.0000584175868807692,1735,3389,751,961,385.382,339.669,101.538,148.707
yhjG,0,0.84961968633446,0.00116188602550521,8.10473510994018,0.0000583103278651312,960,2255,2536,2243,213.237,226.012,342.875,347.087
maoP,0,-0.968005038159329,0.00118331105052642,6.51650288143862,0.0000601046882807072,593,1420,466,383,131.719,142.322,63.005,59.266
thiG,0,1.1843982996497,0.00118331105052642,8.44415764485417,0.0000599563661885396,1324,2087,3685,3100,294.090,209.174,498.223,479.702
agaR,0,-1.08445217832996,0.00118387308452905,6.74554485744871,0.0000606701399327813,710,1761,466,487,157.707,176.500,63.005,75.360
glgX,0,0.842215188551924,0.00118387308452905,9.15606518673841,0.0000604473805669736,2179,4296,5233,4640,484.004,430.575,707.518,718.005
metN,0,-1.70245672199151,0.00119129075775707,5.20419104255109,0.0000615663746307457,287,786,174,100,63.749,78.778,23.525,15.474
ycgJ,0,-1.45652256103302,0.00119129075775707,5.16638048443273,0.0000615905425779166,341,546,145,131,75.744,54.724,19.604,20.271
ugpC,0,1.09300605792617,0.00119313814759709,5.54494984479439,0.0000624977124931811,169,315,483,394,37.539,31.571,65.303,60.969
ubiE,0,0.912307616630855,0.00119313814759709,8.15139703794227,0.0000623814818140165,956,2312,2832,2239,212.349,231.725,382.895,346.468
ytiC,0,-3.34138101609338,0.00119313814759709,2.03394004970944,0.000062468853229694,70,125,6,10,15.549,12.528,0.811,1.547
yjbE,0,-1.95478810490736,0.00120295347254567,3.96595720962749,0.0000632846271271193,180,280,59,42,39.982,28.064,7.977,6.499
ydeJ,0,-1.29474254452479,0.00120499452978886,4.31286403421999,0.000063665243864128,154,324,88,75,34.207,32.474,11.898,11.606
uspG,0,-1.48066671269397,0.00122085131787935,4.92365107059931,0.0000647798658466593,289,469,129,103,64.193,47.006,17.441,15.938
yebF,0,0.817103113628608,0.00122237822517436,8.97539153495333,0.0000651380686884297,1867,3973,4460,4163,414.702,398.202,603.006,644.193
gpmM,0,0.944655855736615,0.0012307872068692,9.50893485988793,0.0000658652564220253,2401,5930,7381,5754,533.316,594.346,997.934,890.388
yciE,0,-1.33925253611479,0.00125290767165908,5.5858869913735,0.0000673331333748756,422,726,230,161,93.736,72.765,31.097,24.914
blr,0,-2.213793135238,0.00125893916148477,4.01215457627171,0.0000679427483975907,215,300,50,44,47.756,30.068,6.760,6.809
csgG,0,-1.04237510332297,0.00126962373094017,5.51143058038884,0.0000688072724931294,306,716,216,195,67.969,71.762,29.204,30.175
aroF,0,-1.00267065546819,0.0012770915031757,8.4672218484532,0.00006950157840412,2274,5701,1870,1388,505.106,571.394,252.830,214.783
nusB,0,0.798892791546601,0.00127808007465321,7.9912127295191,0.0000701350063641899,937,2047,2356,1989,208.129,205.164,318.539,307.783
fliJ,0,1.81192181583537,0.00127808007465321,3.03820887765692,0.0000699065843130531,19,49,109,92,4.220,4.911,14.737,14.236
puuE,0,1.04799122884017,0.00128317473490687,5.61682361165,0.0000707055466173172,155,381,477,439,34.429,38.186,64.492,67.932
wzc,0,-1.54433178318011,0.0013338888941776,3.56917705612833,0.0000738024694284205,97,216,47,42,21.546,21.649,6.355,6.499
ydbA,0,-0.94263815792764,0.00134141542366937,6.82316347100433,0.0000745230790927428,732,1728,530,525,162.594,173.192,71.658,81.240
ruvB,0,0.971508190103057,0.00135300931017376,6.38176966164971,0.0000754752033272528,271,667,845,677,60.195,66.851,114.247,104.761
atpC,0,0.790747591427003,0.00135300931017376,9.29502464345652,0.0000757807935630199,2363,4979,5594,5077,524.875,499.030,756.326,785.627
mepS,0,-1.06420917354357,0.00135865062282456,8.59838774560039,0.0000765821066797525,3138,5152,1836,1631,697.020,516.369,248.233,252.385
glgA,0,0.808934681696085,0.00135865062282456,9.38810578902991,0.0000769488026229351,2576,5129,6084,5381,572.187,514.064,822.576,832.669
yhjR,0,-0.934804168500127,0.00135865062282456,6.59867709032961,0.0000770210103642039,679,1364,454,449,150.821,136.710,61.382,69.479
yigB,0,0.878952366841824,0.00138189868124815,6.51064626305552,0.0000786522832184324,322,721,881,723,71.523,72.264,119.114,111.879
pdxA,0,0.789528231448545,0.00138407754279773,7.62499378128834,0.0000790901453027276,743,1565,1799,1556,165.037,156.855,243.230,240.779
proW,0,-0.964504195474698,0.00138508518742887,7.31318701084929,0.000079461803269729,988,2568,775,697,219.457,257.383,104.782,107.855
yebV,0,-0.923609437624218,0.00139069352875523,8.14958346503792,0.0000801392688004465,2059,3829,1341,1319,457.350,383.769,181.307,204.105
ygiW,0,-0.889803281671089,0.00139069352875523,7.31173158279258,0.0000807296016692377,1001,2403,770,737,222.344,240.845,104.106,114.045
thiH,0,0.849447926783583,0.00139069352875523,9.52124997138945,0.0000807292679796261,2846,5426,6956,5825,632.160,543.831,940.473,901.375
puuA,0,1.06004688878609,0.00139657175325792,8.42416261182546,0.0000825988192274118,1020,2852,3307,3104,226.565,285.847,447.117,480.321
fliL,0,1.34941682573591,0.00139657175325792,4.20629601785874,0.0000821705175943474,53,127,219,166,11.772,12.729,29.609,25.687
hisB,0,0.899292866219375,0.00139657175325792,7.90168150427108,0.0000823469041758207,934,1699,2299,1922,207.462,170.286,310.832,297.415
xerC,0,0.814507882851964,0.00139657175325792,7.32364724643393,0.0000823483960326625,571,1313,1468,1282,126.832,131.598,198.478,198.380
fecA,0,0.95770889965921,0.00139657175325792,5.68278883827537,0.0000826542466213873,182,384,482,441,40.426,38.487,65.168,68.241
hdeD,0,-1.13773655699169,0.00140739408324689,6.87104269957951,0.0000836138888459605,968,1618,578,444,215.014,162.167,78.147,68.706
mreC,0,0.813176582983308,0.00141099208818839,7.9040140389039,0.00008414760072416,906,1860,2281,1836,201.243,186.422,308.398,284.107
rhlE,0,0.836841726531119,0.0014555173899572,8.25596739213533,0.0000876395296688747,1050,2565,2802,2482,233.228,257.082,378.839,384.071
lpp,0,-1.0322205595895,0.0014555173899572,14.1848020705611,0.0000874444180491752,133885,273493,80725,87365,29738.840,27411.359,10914.272,13519.074
ves,0,1.43595038041265,0.0014555173899572,3.89575850845323,0.0000881231617048919,50,86,170,141,11.106,8.620,22.985,21.819
priA,0,0.925339856029108,0.0014555173899572,6.64423010118328,0.0000879420907226785,384,714,978,799,85.295,71.562,132.229,123.639
argA,0,-1.3966275441235,0.00145879144276132,6.5350565783271,0.0000886521783809602,679,1720,482,281,150.821,172.390,65.168,43.483
yciG,0,-1.52309488876801,0.00146580490883577,5.90789507142554,0.0000894107756183271,609,892,223,229,135.272,89.402,30.150,35.436
puuB,0,1.09818478963355,0.00146712871240277,5.83651552423708,0.0000901568891295127,197,399,519,558,43.758,39.991,70.170,86.346
tcyL,0,0.96434839374772,0.00146712871240277,5.85312824426545,0.0000899866144048864,216,412,564,475,47.978,41.293,76.255,73.503
lpxK,0,0.836096075299253,0.00146782212196425,6.69767397844804,0.0000905323394953008,386,807,980,814,85.739,80.883,132.499,125.960
ribE,0,0.829138221756761,0.00148114848130257,7.35950496572107,0.0000919441314131929,575,1355,1473,1358,127.720,135.807,199.154,210.140
cusS,0,0.771915533938276,0.00148114848130257,8.3618265525565,0.0000920260054142641,1259,2597,3025,2540,279.652,260.289,408.989,393.046
matP,0,-1.15715598942257,0.00148585388570624,4.78796878924816,0.0000931342179163366,202,432,118,120,44.869,43.298,15.954,18.569
glpK,0,0.963691051192948,0.00148585388570624,5.76529294907948,0.0000933291442949269,203,388,519,457,45.091,38.888,70.170,70.717
hemE,0,0.7673216635133,0.00148585388570624,7.76078389371828,0.0000927510056057995,822,1734,1960,1698,182.585,173.793,264.998,262.753
yedF,0,-3.29751127159447,0.00149438334632976,1.28066801530862,0.0000942037574330326,38,78,5,4,8.441,7.818,0.676,0.619
hisH,0,1.04278906738036,0.00150312721692339,6.40662358302192,0.0000950958035196432,316,577,907,670,70.191,57.831,122.629,103.677
yrbL,0,-0.756179154148914,0.00155048033605905,8.82969633393041,0.0000984431959402574,2887,6248,2372,2149,641.267,626.218,320.702,332.542
gmd,0,-1.61189457439747,0.0015705803954438,3.37211420473443,0.000100075530866147,83,199,39,37,18.436,19.945,5.273,5.725
rmf,0,-1.70498089555048,0.00158176795824396,9.03128333372916,0.000101864421800745,6212,7363,2038,1725,1379.824,737.971,275.544,266.931
fliM,0,1.0904952224691,0.00158176795824396,5.18831764811453,0.000101604047632216,122,263,396,296,27.099,26.360,53.540,45.804
zapB,0,-0.897803157836343,0.00158176795824396,8.82381652175575,0.000101148633103921,2758,7169,2266,2019,612.613,718.527,306.370,312.425
yobF,0,-0.998977047615714,0.00164503630063109,9.84836363681264,0.000106809782824729,7182,12170,4282,4141,1595.282,1219.762,578.940,640.788
ppc,0,0.818256481600026,0.00164503630063109,11.3608692324348,0.000106518646035976,9243,21923,23989,21130,2053.076,2197.275,3243.388,3269.708
hflC,0,0.785287462237056,0.00164503630063109,9.52483688795609,0.000107057917977579,2877,5641,6744,5774,639.046,565.380,911.810,893.483
hisD,0,0.97473747920185,0.00167145310630564,7.9186701673604,0.000109156121228123,959,1611,2295,2073,213.015,161.466,310.291,320.781
ybdL,0,-1.5318754623535,0.00167152941237021,3.50449597391474,0.00010982291034951,88,214,47,39,19.547,21.449,6.355,6.035
dppB,0,0.904487358367064,0.00167152941237021,7.66662813584931,0.000109919167706885,788,1450,2034,1572,175.032,145.329,275.003,243.255
der,0,0.752541347016869,0.00169775940752367,9.17167489221559,0.000112029022129113,2134,4772,5266,4426,474.009,478.283,711.980,684.890
lspA,0,0.789273404673122,0.00172678046263764,7.10491477746278,0.000114727137313567,497,1133,1225,1115,110.395,113.557,165.624,172.538
hdhA,0,-0.762879636889949,0.00172678046263764,7.97267056453274,0.000114466550994979,1662,3323,1319,1172,369.167,333.054,178.333,181.358
hisC,0,1.07157843474444,0.00173519646135934,7.18673907229737,0.000115679764090623,576,918,1490,1225,127.942,92.008,201.453,189.559
ybdR,0,-1.45634543699667,0.00175207765594002,6.33934495201359,0.000117599770103911,818,1151,332,294,181.696,115.361,44.887,45.494
minD,0,-0.847664560328688,0.00175207765594002,7.9816742750794,0.000117578627651522,1532,3870,1310,1127,340.291,387.878,177.116,174.395
zitB,0,-0.971005431744832,0.001762296474427,5.57761991333391,0.000119084886480555,332,696,250,192,73.745,69.758,33.801,29.711
yfhH,0,-1.58465601740208,0.001762296474427,3.3948395678415,0.000118710271654275,96,180,42,35,21.324,18.041,5.679,5.416
atpA,0,0.78166498515186,0.00176394719417885,11.5187367255799,0.000119596419741378,10699,24163,27011,22787,2376.486,2421.783,3651.971,3526.116
yehE,0,-1.14580507505578,0.00182095739086889,5.20617872633678,0.000123874652440061,300,525,164,153,66.637,52.619,22.173,23.676
prmC,0,0.93764900015545,0.00182454310817268,5.51262551740025,0.000124532307383215,155,358,429,389,34.429,35.881,58.002,60.195
sufC,0,1.04457247607108,0.0018288563424901,6.88879611320295,0.000125241409395014,472,757,1161,1018,104.842,75.872,156.971,157.528
adhE,0,0.860932937801691,0.00186546032720633,11.7775355110363,0.000128234845554413,13705,25500,33811,27598,3044.186,2555.786,4571.353,4270.582
acs,0,0.831654536313906,0.00186546032720633,7.26388932051302,0.000128594090582931,594,1157,1488,1169,131.941,115.963,201.182,180.894
pepQ,0,0.856615047045,0.00187822081951828,8.56676815738515,0.0001298996258397,1258,3251,3507,3092,279.430,325.838,474.157,478.464
puuR,0,0.946586842602772,0.00191822093252821,6.86867517779974,0.000133101044297876,450,819,1033,1049,99.955,82.086,139.665,162.325
ynaJ,0,-1.05608624645144,0.00197354118427545,7.64972770712395,0.000137387107386069,1650,2626,974,826,366.502,263.196,131.688,127.817
aphA,0,-1.45007485696105,0.0019869735575871,3.87020519510849,0.000138772756402908,118,252,52,62,26.210,25.257,7.031,9.594
yagK,0,-1.4908690418027,0.00198951634953268,3.6650368497899,0.000139482466944401,106,218,45,52,23.545,21.849,6.084,8.047
allE,0,-1.14644070365829,0.00198951634953268,4.43506326415736,0.000140303760704005,163,329,104,83,36.206,32.975,14.061,12.844
yfdF,0,-2.00301406062012,0.00198951634953268,2.91422609817387,0.000140049730394811,84,142,23,24,18.658,14.232,3.110,3.714
ymfJ,0,-1.55270964228232,0.00199381090209688,3.42869624762568,0.000141058730488487,92.8673,187.539,38,42.2057,20.628,18.796,5.138,6.531
rpsR,0,0.729263150962977,0.00200033723822902,8.67922332894511,0.000141974048881107,1592,3284,3739,3099,353.619,329.145,505.524,479.547
thiC,0,0.78072184262445,0.00208391449077992,10.5186641105373,0.000148378492087278,5799,11130,13467,11438,1288.087,1115.526,1820.780,1769.944
sucB,0,0.884098388026551,0.00219935594437921,9.01182605791705,0.000157968230261867,2079,3581,4852,4218,461.792,358.913,656.006,652.704
ynaI,0,-1.55285434692127,0.00219935594437921,4.09445351738438,0.000157853947059487,169,267,63,63,37.539,26.761,8.518,9.749
uraA,0,-1.17744175332468,0.00219935594437921,6.74281615868541,0.000158094293507531,774,1735,594,353,171.923,173.894,80.311,54.624
phoA,0,-1.02856273190916,0.00225832098368111,5.06500789153051,0.000162844914469522,251,474,165,136,55.753,47.508,22.309,21.045
ecnB,0,-1.69409772918794,0.00226133222269753,8.73726404662074,0.000163574825179254,5146,5865,1579,1493,1143.041,587.831,213.486,231.030
gcvP,0,0.732342658639338,0.00226211571954602,7.13223220806015,0.000164144451304927,523,1165,1247,1092,116.170,116.764,168.598,168.979
cbl,0,-0.942459638291563,0.00226365743848416,5.18642462472442,0.000164769623073337,253,520,180,158,56.197,52.118,24.337,24.449
ycgL,0,-0.998785411290352,0.00242674532744561,5.00777450170446,0.000177190928670632,221,482,167,128,49.089,48.309,22.579,19.807
yfgG,0,-1.27505849217221,0.00243146025950111,6.31816707177929,0.000178086545083642,742,1087,350,307,164.815,108.947,47.321,47.506
yodD,0,-0.738806785669547,0.00243511789248162,7.58301906256685,0.000178906620672119,1202,2630,976,939,266.991,263.597,131.958,145.303
atpH,0,0.88240704332223,0.00244099623115695,9.68240601185593,0.000179892012500228,2653,7136,7749,6668,589.290,715.219,1047.689,1031.823
atoS,0,-1.11397822724758,0.00245972702364845,4.28822417011102,0.000181830160931835,137,308,90,81,30.431,30.870,12.168,12.534
hflK,0,0.722212271011031,0.00248861908967221,10.1579873365265,0.000184530259030116,4229,9660,9893,9049,939.355,968.192,1337.564,1400.264
lpxP,0,0.776260563775281,0.00252320693183519,9.89935300394193,0.000188151483906215,3436,8004,8104,8010,763.212,802.216,1095.686,1239.487
nfi,0,0.85490098136422,0.00252320693183519,6.88701441424982,0.000188239247295641,392,1007,1147,928,87.072,100.929,155.078,143.601
trpD,0,0.731181750595541,0.00257729138851907,7.16403741624348,0.000192992682256215,559,1145,1311,1080,124.166,114.760,177.251,167.122
yfiE,0,-1.05793616982555,0.00257729138851907,4.48625924785904,0.000193442959092928,155,345,104,96,34.429,34.578,14.061,14.855
ubiJ,0,1.14888921383556,0.00258216950001407,6.95640562200624,0.000194394619955708,331,1055,1321,1104,73.522,105.739,178.603,170.836
tatC,0,0.769026469898168,0.00260764733515626,6.96052227221463,0.000196903982450575,484,973,1174,932,107.507,97.521,158.728,144.220
hflD,0,1.13478603405931,0.00262524193076189,6.52587372780119,0.000198827846910311,368,556,996,757,81.741,55.726,134.662,117.140
yoeA,0,-1.42132502906502,0.00270788608494459,4.66864582881469,0.000205701097155655,246,374,112,86,54.642,37.485,15.143,13.308
fliO,0,1.9003755583342,0.00271548758306543,2.38452141704654,0.00020689429204308,11,31,70,62,2.443,3.107,9.464,9.594
htrE,0,-1.86646508906317,0.00271913821816623,2.69876616074381,0.000207937049926456,58,135,27,17,12.883,13.531,3.650,2.631
rnpA,0,0.736414682236447,0.00271913821816623,8.25804190222926,0.000208405604929748,1187,2445,2894,2243,263.659,245.055,391.278,347.087
fimB,0,-0.850145855318648,0.00272804707391868,6.05857771605631,0.000209707019967899,464,894,329,309,103.065,89.603,44.482,47.815
malQ,0,0.679385235868246,0.00275709075097497,8.19550058614005,0.000212595350894259,1149,2409,2607,2195,255.218,241.447,352.475,339.660
wecC,0,0.75840490360436,0.00275709075097497,8.21759068694471,0.000213190010449538,1040,2592,2716,2300,231.007,259.788,367.212,355.908
mgtA,0,-0.787222940427029,0.00276497047475756,6.92116276634169,0.000214426281715892,780,1678,684,516,173.255,168.181,92.479,79.847
fliN,0,1.48730430719511,0.00278438089471073,3.79972191795236,0.000217258617817203,34,99,184,127,7.552,9.922,24.877,19.652
pgeF,0,0.777916817172287,0.00278438089471073,7.14753100300699,0.000217440762123122,494,1215,1328,1086,109.728,121.776,179.550,168.050
nepI,0,0.779383085156246,0.00278438089471073,6.15468734849083,0.00021782571625288,275,556,642,561,61.084,55.726,86.800,86.811
astA,0,1.44191882465322,0.00278639871018718,3.84100476332961,0.000219357154317445,49,81,142,157,10.884,8.118,19.199,24.295
yecF,0,-1.50353013656746,0.00278639871018718,3.17153690602199,0.000220510918334541,78,153,38,30,17.326,15.335,5.138,4.642
tyrA,0,-0.778117101072398,0.00278639871018718,7.93417853169991,0.000218704634327881,1454,3638,1332,1089,322.966,364.626,180.091,168.515
waaC,0,0.747401914526896,0.00278639871018718,7.13349312280423,0.000220369425455626,548,1108,1316,1042,121.723,111.051,177.927,161.242
glgB,0,0.772830759060902,0.00278917180530928,9.98155895344448,0.000221995306953188,4100,7514,9028,8062,910.701,753.105,1220.614,1247.534
rpoH,0,0.822732447024572,0.00278917180530928,9.74451389186415,0.000221647756342463,3184,6742,7107,7617,707.237,675.730,960.889,1178.673
sdiA,0,-0.793905115713108,0.00284892741802872,6.31257002236819,0.000228043396499804,518,1089,394,384,115.059,109.147,53.270,59.421
dapF,0,0.679196386361112,0.00284892741802872,7.53003863198491,0.00022798657322713,724,1520,1612,1410,160.817,152.345,217.947,218.187
spoT,0,0.735613522679477,0.00287793356436401,9.32963894860356,0.000231017796323097,2292,5600,5841,4906,509.104,561.271,789.721,759.166
lysC,0,0.90460445263515,0.00288677635254171,8.65752930162033,0.000232382223390546,1311,3422,4181,3041,291.202,342.976,565.284,470.572
yncE,0,0.887330618481011,0.00290623308407765,9.23960342747881,0.000234607477989035,1949,5235,5330,5269,432.916,524.688,720.633,815.338
livH,0,0.708133055038933,0.00290759637644637,7.87405303311029,0.000236036168428073,937,1857,2139,1745,208.129,186.121,289.199,270.026
rpoC,0,0.73528162732341,0.00290759637644637,12.8378033011361,0.000235603686457978,26818,62003,65094,56975,5956.875,6214.369,8800.912,8816.451
astC,0,1.44505782278334,0.00299899229878853,4.18455582019615,0.000244135654255121,68,96,183,193,15.104,9.622,24.742,29.865
ydeP,0,-1.28142207391908,0.00305709330510225,3.54602897556167,0.000249579343422016,87,194,50,46,19.325,19.444,6.760,7.118
gadW,0,-1.03240507186674,0.00305709330510225,7.94713847576631,0.000250251855587735,1997,3215,1081,1146,443.578,322.230,146.155,177.335
hisI,0,0.683516726644114,0.00306270709250187,7.43262814988383,0.000251405888318747,657,1456,1475,1353,145.934,145.930,199.425,209.367
ypjA,0,-1.00754837982028,0.00306570098928798,6.04600602141029,0.000252346816125065,525,875,332,267,116.614,87.699,44.887,41.316
yidD,0,0.809543436531231,0.00308972985915343,6.19994486806991,0.000255725940723584,252,623,688,578,55.975,62.441,93.020,89.441
rffH,0,0.7411109010544,0.00308972985915343,6.88888699071966,0.000255385872911767,478,912,1059,915,106.174,91.407,143.180,141.589
recF,0,0.688638629481596,0.0030953127681789,7.4801402394341,0.000256889903209405,711,1437,1598,1334,157.929,144.026,216.055,206.426
cueO,0,0.721483410288123,0.00309663673551964,9.22475586356013,0.000261212894696895,2211,5068,4992,4916,491.112,507.950,674.934,760.714
ydgK,0,-1.18292604616164,0.00309663673551964,5.08415866388613,0.000259818791682114,288,475,140,147,63.971,47.608,18.928,22.747
ygdR,0,-1.0966412189588,0.00309663673551964,7.5355629743263,0.00025914602724915,1576,2412,804,831,350.065,241.747,108.703,128.591
hslR,0,0.859217637304058,0.00309663673551964,5.28622902867756,0.000260833283840155,144,300,355,322,31.986,30.068,47.997,49.827
metJ,0,-0.923727235587333,0.00309663673551964,6.2042999465557,0.000259606901056206,443,1186,377,319,98.400,118.869,50.972,49.363
psd,0,0.714369705437002,0.00309663673551964,8.10169678761192,0.000260707561774823,984,2405,2435,2119,218.568,241.046,329.220,327.899
yifK,0,0.68578305762846,0.00314321131718284,7.44397175904845,0.000265854381249251,679,1432,1578,1284,150.821,143.525,213.351,198.689
osmB,0,-0.874439823512319,0.00317342018250138,7.27002708009866,0.000269313439719511,1119,2015,720,749,248.555,201.957,97.346,115.902
narQ,0,-0.909535887237085,0.00317342018250138,5.13824686442963,0.000269852879391799,242,498,186,146,53.754,49.913,25.148,22.592
glmS,0,0.804726230336563,0.00317342018250138,9.9443969678985,0.000270568251387872,3356,8557,9499,7415,745.442,857.642,1284.294,1147.415
narK,0,-1.56502667256591,0.0031925652772086,3.39681407524398,0.000273240895304557,97,175,35,43,21.546,17.540,4.732,6.654
rffG,0,0.703424609469267,0.0031925652772086,7.50846204106245,0.000273648452332166,661,1582,1622,1389,146.823,158.559,219.299,214.937
phr,0,0.653400140350994,0.00322344205826118,8.14431710338961,0.00027702597280748,1088,2411,2411,2173,241.669,241.647,325.975,336.255
cysP,0,-1.02824796918128,0.0032449393512873,7.78111383965328,0.000279609286505481,1372,3712,1215,811,304.752,372.042,164.272,125.496
fliF,0,1.1435429982327,0.00325941351276993,5.48316604360925,0.00028159558919849,131,349,530,352,29.098,34.979,71.658,54.469
fliH,0,1.59451175626582,0.00326991060542758,4.2567972329323,0.000283243957204838,37,152,240,208,8.219,15.234,32.449,32.186
glnG,0,0.771407324023877,0.00328553610950789,6.11924176117552,0.000285342478444789,255,570,654,525,56.641,57.129,88.423,81.240
ygaZ,0,-0.776119828548075,0.00331936796578224,6.49318970484176,0.000289033401102127,587,1224,508,386,130.386,122.678,68.683,59.731
yrbN,0,1.37246914773185,0.00332502369394155,5.32927623235218,0.000290279846296485,159,211,394,421,35.317,21.148,53.270,65.147
ugpE,0,1.06257257596913,0.00334281457213074,4.50312151828895,0.000292591026041375,86,150,217,200,19.103,15.034,29.339,30.948
kch,0,-1.2133737024365,0.0034063868150364,5.48860727924277,0.000299318865950102,404,610,191,184,89.737,61.138,25.824,28.473
yheT,0,0.764910249287153,0.0034063868150364,5.9358572559131,0.000299700245858078,237,481,554,475,52.643,48.209,74.903,73.503
malE,0,1.02753657476795,0.00342374955278133,5.53113930146043,0.00030200421225214,147,363,516,354,32.652,36.382,69.765,54.779
yaiT,0,-0.969919585988122,0.00356823985320828,5.09362418208585,0.000317723542409143,258,462,165,147,57.308,46.305,22.309,22.747
astB,0,1.15906990288293,0.00356823985320828,3.86498794662563,0.000317527716309579,52,95,143,134,11.550,9.522,19.334,20.735
rplI,0,0.652315989625068,0.00356823985320828,10.6833525669207,0.000317553552817819,6447,13767,14332,12339,1432.022,1379.824,1937.731,1909.367
osmY,0,-0.695617519434888,0.00356823985320828,11.0803046996449,0.000317986000524003,14224,27507,11825,10198,3159.467,2756.942,1598.777,1578.063
codA,0,-0.73408931231921,0.00357488173336848,7.63143608542646,0.000319388526745393,1173,2873,1111,885,260.549,287.952,150.211,136.947
ppsA,0,-0.912720921808742,0.00366978999903988,8.61301466132925,0.000329532163179091,2317,6440,2129,1587,514.657,645.461,287.847,245.576
wza,0,-2.31920507610408,0.00366978999903988,2.22589780907822,0.000329405368448038,61,96,16,10,13.549,9.622,2.163,1.547
csrA,0,-0.861009167082821,0.00368134644421066,10.0837359367466,0.000331404657222592,8017,13734,5186,5213,1780.754,1376.516,701.163,806.672
yagU,0,-0.880599515271835,0.00372868998584186,6.17722052237509,0.000338674668913443,511,981,406,288,113.504,98.323,54.892,44.566
gadB,0,-0.676335694214133,0.00372868998584186,9.37720716317729,0.000336690951976747,4310.14,8449.4,3759.2,3065.44,957.378,846.857,508.256,474.354
yhbE,0,0.663822341296454,0.00372868998584186,7.48733842320986,0.000338438798336173,729,1441,1561,1355,161.927,144.427,211.052,209.676
bcsZ,0,1.05029976257446,0.00372868998584186,4.09166867445566,0.000339048681252287,56,127,175,143,12.439,12.729,23.661,22.128
dtpA,0,-0.830048525532397,0.00373361647056277,5.39039884772191,0.000340343270105722,276,583,207,198,61.306,58.432,27.987,30.639
nrdD,0,0.678328616210351,0.0037453162287985,7.06320520527097,0.000342259056736008,516,1116,1214,980,114.615,111.853,164.137,151.648
opgB,0,-1.01669692680787,0.00376577580996459,5.99771093634267,0.000344982636559115,454,944,366,227,100.844,94.614,49.484,35.127
intF,0,-0.758708465494988,0.00378892504241442,6.88643946203003,0.000347962503895202,807,1517,596,575,179.253,152.044,80.581,88.977
yqiD,0,-1.50031754031686,0.00379159013770608,3.69713156195923,0.000349067028550718,127,198,48,49,28.210,19.845,6.490,7.582
dgcZ,0,-1.49902413197408,0.0039025492517778,5.30526761400135,0.000361052175674681,414,565,139,160,91.959,56.628,18.793,24.759
hisA,0,0.862865426090814,0.0039025492517778,6.71281593903052,0.000360378311902001,435,728,930,880,96.623,72.965,125.739,136.173
recJ,0,0.638571404558531,0.00393095870185944,7.74958406117044,0.000366261127829449,854,1797,1905,1573,189.692,180.108,257.562,243.410
oxyR,0,0.68673581587424,0.00393095870185944,7.38945682370611,0.000366354654527036,684,1321,1420,1320,151.932,132.400,191.988,204.260
actP,0,0.915563519121826,0.00393095870185944,5.46929869094139,0.000364586510195719,179,305,411,366,39.760,30.569,55.568,56.636
ydgD,0,-0.685272914196458,0.00398328706665357,6.57759169486815,0.000372197536028549,593,1274,508,464,131.719,127.689,68.683,71.800
yfdH,0,-0.673153469602583,0.00398328706665357,8.25846162198447,0.000373037995131048,1792,4304,1627,1503,398.043,431.377,219.975,232.578
mukE,0,0.693094737686526,0.00402891086100661,6.60981556533625,0.000378224284910824,370,819,826,778,82.185,82.086,111.678,120.390
yieE,0,0.689847625771595,0.00410603693279261,6.4401491716152,0.000386395765784339,340,709,743,679,75.522,71.061,100.456,105.070
deoB,0,0.619174289675509,0.00411355202698484,8.95308331893319,0.000388035746763196,1996,4132,4283,3665,443.356,414.138,579.075,567.131
borD,0,-1.86546033231116,0.00421502527071149,2.82816680559811,0.000398563614033263,76,129,31,17,16.881,12.929,4.191,2.631
cusC,0,0.738736028403034,0.00423648945799862,10.7918566196478,0.000401553876064268,6303,15444,14832,14687,1400.037,1547.904,2005.333,2272.702
ribD,0,0.654481475981296,0.00424665117058853,7.27755519823466,0.000403480009178366,604,1305,1399,1126,134.162,130.796,189.149,174.240
yaiA,0,-0.644404266856478,0.00429855887420066,7.88664922860379,0.000409386559447682,1484,3042,1253,1189,329.629,304.890,169.410,183.989
ysaA,0,0.895773074056633,0.00429940122560614,5.11694971271502,0.000410441704303897,116,283,348,270,25.766,28.364,47.051,41.780
yqhI,0,-1.04209090494518,0.00430109482698821,4.13083259077195,0.000411578688659643,130,252,83,73,28.876,25.257,11.222,11.296
tomB,0,-1.10070543052738,0.00433449838652825,8.14061608147685,0.00041575800850373,2247,3912,1099,1408,499.109,392.088,148.588,217.877
frmA,0,0.939971080010997,0.00441775382026347,8.49903201296381,0.000424745492016261,1078,3254,3383,3097,239.448,326.138,457.392,479.237
ybhL,0,-0.652257411678139,0.00446463294163671,7.26359536002691,0.000431277467831573,985,1946,856,728,218.790,195.042,115.734,112.652
yfiR,0,-1.00686803218546,0.00446463294163671,5.05928563227722,0.000430573096771272,264,444,159,141,58.640,44.501,21.497,21.819
nagE,0,0.75953569633193,0.00447949042190457,7.21554033356704,0.000436775710072328,621,1093,1374,1121,137.938,109.548,185.769,173.466
selA,0,0.739766624423719,0.00447949042190457,7.1370210619757,0.000434920671119795,483,1254,1277,1087,107.285,125.685,172.654,168.205
hemC,0,0.725427294682859,0.00447949042190457,7.83935920175955,0.000435879277632142,792,2056,2008,1804,175.921,206.067,271.488,279.155
deoA,0,0.651701519423248,0.00447949042190457,7.16921428548264,0.000434906739772505,540,1254,1270,1069,119.946,125.685,171.708,165.420
recC,0,0.655176950340386,0.00449690411088082,7.3177864876922,0.000439493349612161,656,1275,1396,1189,145.712,127.789,188.744,183.989
recR,0,0.624476950019469,0.00451460048788466,7.2994631631226,0.000442246578405028,611,1356,1360,1171,135.717,135.908,183.876,181.203
zapA,0,-0.723609671141748,0.00453663415826348,8.88586228165603,0.000445433693997299,2761,6914,2392,2353,613.280,692.969,323.406,364.109
ydjF,0,-1.6354263841765,0.0045749885030236,3.46977441737524,0.000451274376148587,108,183,33,48,23.989,18.342,4.462,7.428
dppD,0,0.649883725711786,0.0045749885030236,7.38048045925689,0.000450776283795578,619,1468,1459,1246,137.494,147.133,197.261,192.809
cobC,0,0.879314448778614,0.00462974711234707,4.95569333818691,0.000458775394126002,120,227,299,242,26.655,22.752,40.426,37.448
idnR,0,-0.998707597176964,0.00462974711234707,4.41823406381905,0.000457985482509737,144,323,95,100,31.986,32.373,12.844,15.474
dinQ,0,0.885831396992288,0.00467292931669587,4.62146496065042,0.000464114068188842,89,189,236,196,19.769,18.943,31.908,30.330
dcyD,0,0.664485090986786,0.00478258109326522,7.35550067248174,0.000477173623817845,681,1287,1431,1229,151.265,128.992,193.476,190.178
yihA,0,0.644783468098098,0.00478258109326522,7.25474605960738,0.000477099972163515,596,1289,1258,1206,132.385,129.192,170.086,186.619
rbfA,0,0.675439077300314,0.00478974036181026,6.93479849416634,0.000478974036181026,455,1056,1021,978,101.066,105.840,138.042,151.338
hemX,0,0.622470503713308,0.00479679830766339,7.87244375792268,0.000480767540133157,886,2072,2000,1761,196.800,207.670,270.406,272.501
waaG,0,0.649814101651817,0.00486116632086829,7.01521727517565,0.000488321242663187,485,1128,1094,1002,107.729,113.056,147.912,155.052
usg,0,0.72890432395578,0.00489709071041008,7.09766759974394,0.000493040425265777,480,1206,1288,1011,106.619,120.874,174.142,156.445
glyS,0,0.642483056367531,0.00494091495316176,10.0780153648786,0.000498573050829248,4029,9594,9497,7981,894.931,961.577,1284.024,1234.999
dgcJ,0,-1.08210453967442,0.00501273667085863,4.32712988549802,0.000507598826525597,129,332,87,92,28.654,33.275,11.763,14.236
yegS,0,-0.731358649886278,0.00501273667085863,6.66387973082035,0.000508093716978187,693,1278,559,457,153.931,128.090,75.579,70.717
gpt,0,-1.42080465345585,0.00502996736100212,4.86828426477088,0.000510980811276406,302,405,125,101,67.081,40.592,16.900,15.629
ucpA,0,-0.803666480046742,0.00520841251815638,5.75191546080676,0.000530613497829413,319,808,276,253,70.857,80.983,37.316,39.150
obgE,0,0.748573404115305,0.00520841251815638,8.39734393630973,0.000531470665117998,1423,2457,2896,2738,316.080,246.258,391.548,423.685
ybeX,0,0.601801324507861,0.00521823234152075,9.10332265607366,0.000533655960550081,2130,4828,4781,3994,473.120,483.896,646.406,618.041
ydhR,0,-0.652835830648697,0.00523256635050368,6.61062028662278,0.000536308387852078,608,1273,521,484,135.050,127.589,70.441,74.895
maa,0,-0.955200107986157,0.00525999773388139,6.18696522381427,0.000540312692391898,525,1011,305,372,116.614,101.329,41.237,57.564
sodA,0,0.849944395637964,0.00527521328763143,11.1495328619992,0.000543071844123508,7183,20634,20750,18588,1595.504,2068.082,2805.465,2876.353
trpC,0,0.628676893991308,0.00536681359911824,7.88861520508047,0.000556152792470983,990,1896,2054,1754,219.901,190.030,277.707,271.418
nrdA,0,0.812509611053851,0.00536681359911824,9.2567178870727,0.000554105634559803,2100,5235,6299,4339,466.457,524.688,851.644,671.427
yidC,0,0.673165838403069,0.00536681359911824,10.0345368384574,0.00055580814412233,3982,8939,9873,7390,884.491,895.928,1334.860,1143.547
ytjA,0,-0.702348273877403,0.0053848362356961,8.86474109724735,0.000559241495680003,3192,5705,2431,2289,709.014,571.795,328.679,354.205
fmt,0,0.700273927425306,0.00542696757228508,8.74093731453047,0.000564847645278651,1492,3893,3711,3335,331.406,390.183,501.739,516.066
mscM,0,0.609098371674603,0.00543598622458242,7.07128501376838,0.000567018971271635,524,1164,1143,1005,116.392,116.664,154.537,155.516
ybaY,0,-0.636927621980558,0.00544514462132926,9.27371803552503,0.00056920899556299,3578,8601,3308,3094,794.753,862.052,447.252,478.773
osmE,0,-0.672350028599789,0.005463310318683,10.1887466578517,0.0005723467952906,7313,15316,5894,6033,1624.380,1535.075,796.887,933.561
yhaV,0,-0.698261485938461,0.00546882115439397,5.82559842652232,0.000574164216436374,352,763,308,267,78.187,76.473,41.643,41.316
menD,0,0.622262135955982,0.00547495692623315,6.78905977140529,0.000576049889744258,431,948,933,840,95.735,95.015,126.145,129.984
fusA,0,0.662978039726815,0.00549016964339087,14.0019921643786,0.000580140375015906,61458,142886,143704,123271,13651.190,14321.023,19429.229,19075.256
yiiS,0,-0.868057333957312,0.00549016964339087,4.72151902466716,0.000579982283258256,169,385,141,112,37.539,38.587,19.064,17.331
gadC,0,-0.864538507021011,0.0055118675953132,8.59347288308016,0.000583683031068313,2997,4665,2007,1702,665.700,467.559,271.353,263.372
trpA,0,0.81739849650755,0.00559012001205339,8.07865128401874,0.000593237225768931,1158,1856,2446,2179,257.218,186.021,330.707,337.184
yhjD,0,0.618689779681274,0.00560018992749388,6.92750333411762,0.000595575754193793,494,1009,1022,923,109.728,101.129,138.178,142.827
mscS,0,-0.609435963363069,0.00564704502811519,9.53688210039636,0.000601839266034952,4284,10149,4170,3604,951.572,1017.203,563.797,557.692
yfgM,0,0.606632931912111,0.00566873897739213,7.78012275145865,0.000605436747925554,832,1962,1873,1637,184.806,196.645,253.235,253.313
ymfI,0,-1.36280072682391,0.00567573658399069,4.74981529990901,0.000607471126449797,255.133,383.461,94,120.794,56.671,38.433,12.709,18.692
alr,0,0.611733506525994,0.00571069104524381,7.33931809247476,0.000612507225487601,618,1427,1352,1236,137.272,143.024,182.795,191.262
betT,0,-0.691872753399166,0.00573504063312473,6.4969478141344,0.000624339297840395,524,1288,494,427,116.392,129.092,66.790,66.075
hha,0,-0.763367986415276,0.00573504063312473,7.78040051926694,0.000625522572456462,1427,2962,1026,1155,316.968,296.872,138.718,178.728
ybdG,0,-0.800176282184096,0.00573504063312473,5.64890461049507,0.000621533947369227,354,646,270,219,78.631,64.747,36.505,33.889
slyB,0,-0.694880432513692,0.00573504063312473,8.8728080628987,0.000618028931938916,3230,5671,2546,2222,717.455,568.387,344.227,343.838
nrdB,0,0.741420685584823,0.00573504063312473,7.93262645030041,0.000623208794764865,820,2234,2216,1882,182.140,223.907,299.610,291.225
waaF,0,0.721538018098665,0.00573504063312473,7.53976110108528,0.000622242500193331,651,1654,1769,1349,144.602,165.775,239.174,208.748
mnmE,0,0.732574057517577,0.00573504063312473,7.25531024923073,0.000623383851110326,530,1356,1458,1114,117.725,135.908,197.126,172.383
yjbJ,0,-0.863132784920573,0.00573504063312473,7.50588282685811,0.000620039718899854,1383,2245,862,874,307.195,225.009,116.545,135.245
ynjE,0,-1.12851575119464,0.00584091155577972,4.30738947020641,0.000638394414940097,133,329,109,68,29.542,32.975,14.737,10.522
rrfA,0,-0.859702647210764,0.00590114619695956,8.47559771431924,0.000646316012047951,2470.34,4801.56,2131.1,1362.47,548.718,481.246,288.131,210.832
dnaC,0,0.694418163052894,0.00594100205615208,5.90841412670797,0.000652028343577689,236,487,506,478,52.421,48.811,68.413,73.967
rpoZ,0,0.632446701471208,0.00596536616847555,7.99355736039557,0.000656055009458196,943,2286,2111,1988,209.461,229.119,285.414,307.628
appY,0,-2.91477423167752,0.00596950618808245,3.3319976078503,0.000657863947258066,196,210,17,30,43.536,21.048,2.298,4.642
mtlA,0,0.614297953233312,0.00600460882451735,7.29900825462305,0.00066309399037187,608,1371,1404,1126,135.050,137.411,189.825,174.240
thrB,0,0.572016052634938,0.00607014306480593,9.60358035320347,0.000675836790208551,3144,6679,6657,5624,698.352,669.416,900.047,870.272
lptE,0,0.693236098010132,0.00607014306480593,7.55381542275037,0.000672637019526825,656,1705,1601,1492,145.712,170.887,216.460,230.876
infB,0,0.591520997462897,0.00607014306480593,11.1426053812009,0.000675076664184645,8942,19577,18792,17047,1986.217,1962.142,2540.737,2637.894
rhtC,0,0.608675526413404,0.00607014306480593,6.78010789142698,0.000674155607556497,443,923,949,805,98.400,92.509,128.308,124.568
pnp,0,0.591751480520589,0.00607030917812161,11.6241119539545,0.000677231772253023,12642,26980,26705,23397,2808.070,2704.122,3610.599,3620.509
nudB,0,0.649996681756044,0.00607635460620381,7.28862638461822,0.000679284086362466,565,1412,1343,1195,125.499,141.520,181.578,184.917
bioC,0,0.715843887827848,0.00610396611160391,6.06774631433574,0.000684210273274465,259,546,636,481,57.530,54.724,85.989,74.431
mliC,0,-1.21873774449491,0.00610396611160391,3.54963995004688,0.000685139053343296,97,173,57,41,21.546,17.339,7.707,6.344
yqaE,0,-0.940598498436106,0.00616069738381928,6.23752242465985,0.000692903832737951,592,962,338,360,131.496,96.418,45.699,55.707
dtpB,0,0.620655136396956,0.00617752066044719,6.53517114561033,0.000696196772844048,368,783,776,708,81.741,78.478,104.918,109.558
hslV,0,0.755777399100429,0.00625622226094296,6.49347347924783,0.000706484962800362,385,654,807,694,85.517,65.548,109.109,107.391
dppC,0,0.80864979951667,0.00628239100223563,6.90914508669965,0.000712289229278416,519,833,1109,932,115.281,83.489,149.940,144.220
valS,0,0.598998042542997,0.00628239100223563,10.6143001305161,0.000711059171503337,6138,13639,13854,11175,1363.386,1366.995,1873.104,1729.247
mntS,0,-1.00687845746102,0.00629102214928641,7.95491784461,0.00071816119291511,2127,3002,1254,1015,472.454,300.881,169.545,157.064
csgF,0,-1.11032481835674,0.00629102214928641,3.81606223452838,0.000718814035544746,92,235,72,53,20.435,23.553,9.735,8.201
gltB,0,0.740726288067043,0.00629102214928641,12.6138067762994,0.000718973959918447,26447,45735,57543,47613,5874.468,4583.878,7779.993,7367.752
selB,0,0.649975700978386,0.00629102214928641,7.49184894640391,0.000715525021480675,654,1620,1621,1310,145.268,162.368,219.164,202.713
sufB,0,0.659846171658658,0.00632736169037256,7.83338275279658,0.000724561826221801,975,1748,1992,1709,216.569,175.197,269.325,264.455
yejA,0,-0.83781598414656,0.00634553421325372,5.49839097347588,0.000733370849689616,317,597,210,224,70.413,59.835,28.393,34.662
glgP,0,0.574400100576723,0.00634553421325372,10.3415569743067,0.000733436080360077,5143,11346,10749,9700,1142.375,1137.175,1453.298,1501.002
wecE,0,0.616095861800203,0.00634553421325372,6.91900059844248,0.000732793266369157,458,1070,1060,884,101.732,107.243,143.315,136.792
fpr,0,0.671329620747139,0.00634553421325372,6.56587469215241,0.000730342354524575,339,847,819,733,75.299,84.892,110.731,113.426
dsbD,0,0.627939820463906,0.00634553421325372,6.38041839177629,0.000733837289968118,326,709,732,609,72.412,71.061,98.969,94.238
trkH,0,0.581391958004111,0.00634587498288484,7.06443667536566,0.000735315672619989,536,1151,1129,987,119.058,115.361,152.644,152.731
hipA,0,-0.830031040886269,0.00640902218886051,4.60558894558934,0.000744086022833692,158,342,123,112,35.095,34.278,16.630,17.331
rlmB,0,0.62119681694487,0.00644151830839792,6.52211544576949,0.000749319476691186,351,802,777,698,77.965,80.382,105.053,108.010
wzzB,0,-0.594881537997953,0.00647760278317252,8.99609609405152,0.000754985902619201,3176,6392,3005,2391,705.460,640.650,406.285,369.989
rluA,0,0.67684161805955,0.006494648817269,5.9213580943973,0.000759918092904944,223,526,534,460,49.533,52.719,72.198,71.182
paaH,0,1.717543217441,0.006494648817269,2.29108913177149,0.000758513399685491,15,25,68,45,3.332,2.506,9.194,6.963
aceF,0,0.901806565557697,0.00655748065083065,10.6281893286895,0.000768756801922777,6791,10144,14934,13093,1508.432,1016.702,2019.123,2026.043
metK,0,-1.00183207788997,0.00656916182150883,8.12150275406791,0.000771615833002624,1711,4691,1625,989,380.051,470.164,219.705,153.040
ybaB,0,0.678953924206222,0.0066396576595267,6.98810847613584,0.000782089700081087,452,1137,1058,1023,100.399,113.958,143.045,158.302
ftnB,0,-1.07571737754063,0.0066396576595267,4.37102595327351,0.000785810307408232,169,280,89,92,37.539,28.064,12.033,14.236
ygaC,0,-1.23337246805604,0.0066396576595267,4.18258609894006,0.000785918661739895,166,249,84,66,36.872,24.957,11.357,10.213
bipA,0,0.742755663701635,0.0066396576595267,11.404255351275,0.000785265930706671,9103,24952,24139,21128,2021.979,2500.862,3263.668,3269.398
gltD,0,0.576433276241053,0.00667926829522003,11.4058878062486,0.000792121840907046,10771,23658,22747,20076,2392.479,2371.168,3075.465,3106.609
yhgO,0,1.04758099985336,0.0066900021367198,4.44676094663208,0.000794911818512738,66,173,193,217,14.660,17.339,26.094,33.579
nagA,0,0.580777288134011,0.00670885197756056,7.02411315352324,0.000800194136099059,510,1142,1104,956,113.282,114.459,149.264,147.934
rsmJ,0,0.787344606242003,0.00670885197756056,5.09465784071402,0.000799943786275728,131,266,290,287,29.098,26.660,39.209,44.411
yeiI,0,0.664890187722028,0.00672829168479809,6.23405385512761,0.000807306151589575,273,667,651,579,60.639,66.851,88.017,89.596
trmH,0,0.67816954410331,0.00672829168479809,5.7022577124553,0.000807242285861477,198,439,465,388,43.980,44.000,62.869,60.040
rffC,0,0.742100696061749,0.00672829168479809,5.70639834096149,0.000808615553955326,187,445,499,382,41.537,44.601,67.466,59.112
purA,0,0.612367955072598,0.00672829168479809,10.770789632538,0.000806459805692443,7231,14230,15586,12472,1606.166,1426.229,2107.276,1929.948
minE,0,-0.779322260772149,0.00675549854689836,5.56699966640984,0.000813417171973476,335,601,250,214,74.411,60.236,33.801,33.115
abpA,0,-0.695134032104666,0.00676014237712212,6.32978175750022,0.00081550923914489,461,1161,439,381,102.398,116.363,59.354,58.957
ynfC,0,-0.706738704779335,0.00676904767820171,5.53766027032681,0.000820622176864454,303,602,252,216,67.303,60.337,34.071,33.424
amiC,0,-0.663772364021759,0.00676904767820171,6.38600077670629,0.00082118832377277,549,1047,468,389,121.945,104.938,63.275,60.195
cysE,0,0.669803086496074,0.00676904767820171,7.84421472293697,0.000818295705699946,806,2114,2040,1720,179.031,211.880,275.814,266.157
ynfU,0,-1.27646138707896,0.00682564662598964,5.60155345157306,0.000830173859151425,463,650,179,220,102.843,65.147,24.201,34.043
radD,0,0.672360493984652,0.00682564662598964,5.68619957622221,0.000831194286985949,195,437,449,392,43.314,43.799,60.706,60.659
argD,0,-0.830299012186595,0.00682564662598964,7.05237850378569,0.00083269793305724,889,1825,805,509,197.467,182.914,108.839,78.764
yafN,0,1.18017094247522,0.00686564447099824,3.87861635347744,0.000839134324233119,38,121,168,127,8.441,12.127,22.714,19.652
mraZ,0,-0.622137692339876,0.0068698436520705,6.39436391051479,0.000841205345151489,495,1130,467,410,109.951,113.256,63.140,63.444
galT,0,0.774531407354015,0.00696103476618241,5.93845490696835,0.00085395006995571,234,486,615,432,51.977,48.710,83.150,66.849
sucA,0,0.560397103907075,0.00714741171775237,9.85645839784755,0.000878434728122853,3837,7830,7924,6658,852.283,784.777,1071.350,1030.275
cnu,0,-1.65278586806167,0.00715221308804532,3.30199905730277,0.000881382885837743,111,149,37,32,24.656,14.934,5.003,4.952
ydjX,0,-1.51080759379964,0.00715221308804532,2.69776458022272,0.0008822684625616,59,107,30,19,13.105,10.724,4.056,2.940
pliG,0,-0.920699734277354,0.00715422221885245,4.01464735494912,0.000884138573531651,107,236,79,72,23.767,23.654,10.681,11.141
galP,0,-0.701909072896024,0.00718656062737368,7.59357569437212,0.000889764649103408,1348,2328,1084,877,299.421,233.328,146.560,135.709
yagH,0,1.11152174021559,0.00722300027584485,3.34492449388676,0.000898547098139057,35,70,109,83,7.774,7.016,14.737,12.844
rstA,0,-0.725554187529045,0.00722300027584485,5.49905395133268,0.000897875533436086,295,592,228,224,65.526,59.334,30.826,34.662
fimC,0,0.917191527704094,0.00722300027584485,6.54480766423773,0.000899189830258237,269,858,887,794,59.751,85.995,119.925,122.866
thrC,0,0.550084736816396,0.00722432193706845,10.1773896580044,0.000900992531833933,4660,10140,9751,8376,1035.090,1016.301,1318.366,1296.123
yeiE,0,0.595155243723818,0.00722861312403847,7.08490195877832,0.000903501172878283,566,1115,1114,1035,125.721,111.753,150.616,160.158
yffB,0,-0.774696529461071,0.00722861312403847,4.93414403546915,0.000904805996478285,187,436,157,145,41.537,43.699,21.227,22.438
lrp,0,-0.589985604739011,0.00727782691083213,9.67941077644206,0.000912616390405933,4634,11283,4595,4038,1029.315,1130.860,621.258,624.850
nagB,0,0.555452542238832,0.00735187526249697,7.44111678358018,0.00092356891052683,702,1509,1488,1240,155.930,151.242,201.182,191.881
cybB,0,-0.646925607359738,0.00735673800928434,6.43091699765785,0.000925847980760275,499,1198,492,403,110.839,120.072,66.520,62.361
gltW,0,-1.39824676554566,0.00735976918064408,5.33259527990309,0.000932904982308399,422.25,545,195.5,124.75,93.791,54.624,26.432,19.304
gltU,0,-1.39824676554566,0.00735976918064408,5.33259527990309,0.000932904982308399,422.25,545,195.5,124.75,93.791,54.624,26.432,19.304
gltT,0,-1.39824676554566,0.00735976918064408,5.33259527990309,0.000932904982308399,422.25,545,195.5,124.75,93.791,54.624,26.432,19.304
gltV,0,-1.39824676554566,0.00735976918064408,5.33259527990309,0.000932904982308399,422.25,545,195.5,124.75,93.791,54.624,26.432,19.304
ycbZ,0,0.538526645136806,0.00748687663338131,8.25673300734485,0.000950714493127786,1235,2689,2594,2179,274.321,269.510,350.717,337.184
frmR,0,0.874143570807173,0.00764208531261381,5.96703326402404,0.00097303898194595,187,570,581,528,41.537,57.129,78.553,81.704
evgA,0,-1.08247118798824,0.00764208531261381,7.21399729391752,0.0009738893300882,1279,1886,596,724,284.094,189.028,80.581,112.034
adk,0,-0.704793262745561,0.00770932459223438,9.06028211580469,0.000986471249732175,2959,8119,2973,2440,657.260,813.742,401.959,377.572
acrZ,0,-1.50828818176661,0.00770932459223438,5.55598089999706,0.00098831132055175,545,620,185,167,121.057,62.141,25.013,25.842
csgE,0,-1.53190780479825,0.00770932459223438,3.99613378201522,0.00098945072997838,104,351,81,46,23.101,35.180,10.951,7.118
nudI,0,-1.29782470591148,0.00770932459223438,3.01762761559936,0.000986682878957006,55,146,38,29,12.217,14.633,5.138,4.488
priB,0,0.573899726678169,0.00771866566665448,9.54432252721538,0.000992399871427004,2901,6663,6582,5243,644.377,667.812,889.907,811.315
ompA,0,0.634502896216226,0.00774309750478833,14.2883627637937,0.000997296912181354,74145,179695,169431,152445,16469.256,18010.275,22907.600,23589.712
yghJ,0,0.633902794891333,0.00776021008483996,6.7007179790656,0.00100302035110176,382,933,935,752,84.851,93.512,126.415,116.366
hemY,0,0.590145629803461,0.00776021008483996,8.07047624798254,0.00100133281861893,1000,2470,2306,1966,222.122,247.560,311.778,304.224
yraQ,0,-0.794845551306203,0.00776051779547472,5.27157908736551,0.00100481987782677,275,491,194,181,61.084,49.211,26.229,28.008
rep,0,0.667620027947478,0.00777800864120824,6.76564420103657,0.00100884828634266,389,978,1006,784,86.406,98.022,136.014,121.318
aceK,0,0.580204190764906,0.00786437256191308,8.76842800824721,0.00102183344171796,1867,3514,3633,3255,414.702,352.197,491.193,503.687
yjgM,0,-0.795125497877204,0.00792420979916414,4.60958291149352,0.00103140508497057,163,328,128,110,36.206,32.874,17.306,17.022
glyQ,0,0.537360733427246,0.00796341556374277,8.66983246254894,0.00103831382066941,1675,3519,3489,2870,372.055,352.699,471.724,444.111
ygiS,0,-0.78946780849121,0.007990955414242,4.73721709421174,0.00104371662553365,181,352,137,123,40.204,35.280,18.523,19.033
ubiH,0,0.553086778440814,0.00802949503818815,7.2211533098679,0.00105239186668316,619,1266,1264,1072,137.494,126.887,170.897,165.884
mnmG,0,0.751075603297915,0.00802949503818815,8.52629471878418,0.00105229721130944,1205,3450,3420,2788,267.657,345.783,462.395,431.422
yeeN,0,-0.596544988574736,0.00806109418794554,7.67713890577445,0.00106306355006024,1293,2527,1083,1063,287.204,253.273,146.425,164.491
mltB,0,0.607472785409166,0.00806109418794554,6.55427255966856,0.00106750090833564,384,781,837,665,85.295,78.277,113.165,102.904
norR,0,-1.0141426684098,0.00806109418794554,4.08115288175701,0.00106597146747295,123,245,94,61,27.321,24.556,12.709,9.439
tusC,0,0.750967094890108,0.00806109418794554,4.82294523139716,0.00105980643510016,107,228,245,228,23.767,22.852,33.125,35.281
avtA,0,0.660761603094357,0.00806109418794554,9.14288657387138,0.00106436353385444,2056,5073,5342,3933,456.683,508.451,722.255,608.602
yjjG,0,0.623718526565145,0.00806109418794554,6.4130904793014,0.00106611441462904,336,723,774,600,74.633,72.464,104.647,92.845
fimA,0,0.868295800432939,0.00807991123444812,10.3519048440397,0.00107182495967169,3950,12272,11839,10910,877.383,1229.985,1600.670,1688.240
dnaQ,0,-0.666661320400668,0.00810763556762795,6.32243613083699,0.00107734114345351,512,1029,473,352,113.727,103.133,63.951,54.469
ndk,0,-0.683044252501724,0.00812221928750789,6.42738547545501,0.00108112079858665,549,1122,515,370,121.945,112.455,69.630,57.255
rplR,0,0.703347615187779,0.00825118774880059,10.7330664263886,0.00110015836650675,5781,15923,14933,13106,1284.089,1595.913,2018.988,2028.054
ycaN,0,-1.77636564630815,0.00829056766981962,1.85840129255158,0.00110728896996004,36,65,13,11,7.996,6.515,1.758,1.702
metL,0,0.582709607254159,0.00831204565018973,7.65019311313962,0.00111204238857414,812,1712,1813,1385,180.363,171.588,245.123,214.318
evgS,0,-0.718990159109648,0.00831907384752056,7.8958551924946,0.00111675549154924,1631,2952,1151,1245,362.281,295.870,155.619,192.654
secB,0,0.672011833031679,0.00831907384752056,9.32281545744122,0.00111507327188401,2217,5998,5665,4791,492.445,601.161,765.926,741.371
modF,0,-0.622586718322642,0.00846276720017823,6.66612965051921,0.00113796393417363,574,1418,572,489,127.498,142.122,77.336,75.669
prlF,0,-0.896110994250351,0.00853925888128254,4.48072494565616,0.00115018589013193,139,340,125,89,30.875,34.077,16.900,13.772
dinJ,0,-0.56340816302841,0.00857108085127923,6.83021795111034,0.00115641567041069,658,1496,650,561,146.156,149.939,87.882,86.811
narU,0,-1.23152341416418,0.00860130759086879,5.2259354643787,0.00116244429119225,350,496,139,173,77.743,49.713,18.793,26.770
rpsE,0,0.676254989465633,0.00862247856210125,11.5890774767064,0.00116726070330486,10701,28711,27160,23175,2376.930,2877.615,3672.117,3586.156
grcA,0,-0.556667640808024,0.00865120131194052,9.99320230105029,0.00117332759468115,5912,13343,5535,5304,1313.187,1337.328,748.349,820.754
rpsH,0,0.688391393526588,0.00865120131194052,11.3554901466401,0.00117507246844725,9015,24452,22416,20479,2002.432,2450.748,3030.713,3168.971
ydfJ,0,-1.13839531277978,0.00869414868162248,3.04731791729737,0.00118287737164932,60,128,38,33,13.327,12.829,5.138,5.107
cueR,0,-0.809931302387048,0.00871838032113646,5.35742462414683,0.00118915337241894,242,616,195,207,53.754,61.740,26.365,32.032
fadL,0,0.6836980233229,0.00871838032113646,7.18045721821309,0.00119035774174534,601,1131,1394,1001,133.495,113.357,188.473,154.897
ygeV,0,-1.13707936530745,0.00871838032113646,3.32646892079169,0.00119210506431866,80,145,49,37,17.770,14.533,6.625,5.725
ydfH,0,-0.579770814914115,0.00873528701475261,6.72283428326106,0.00119837837730733,610,1406,614,506,135.495,140.919,83.015,78.300
srmB,0,0.598802792454974,0.00873528701475261,7.50487649175388,0.00119653763318216,682,1641,1636,1274,151.487,164.472,221.192,197.142
ybjT,0,0.647165978908927,0.00874014392197138,6.48673053142356,0.00120102657975389,386,694,784,659,85.739,69.557,105.999,101.975
yjeT,0,1.02808559946868,0.00875898836571145,4.06983579374935,0.00120560225351176,69,107,172,132,15.326,10.724,23.255,20.426
yaiO,0,-1.41060556643412,0.00876610519203476,2.42605156556524,0.00120856960470683,40,96,23,19,8.885,9.622,3.110,2.940
ugpQ,0,0.816245119627841,0.00891960545118974,5.48247159745195,0.00123175503849763,192,312,422,337,42.647,31.271,57.056,52.148
patA,0,0.713871182227077,0.00897342140837345,10.5294773984989,0.00124122155535324,4948,13930,13048,11391,1099.061,1396.161,1764.130,1762.671
rlmA,0,-0.710327823840506,0.00898227449713682,5.81033003964097,0.00124587807578815,388,693,304,259,86.183,69.457,41.102,40.078
yibX,0,5.42681600944282,0.00898227449713682,-0.685525434260317,0.00124651972613327,0.549088,4.59016e-8,17.5411,33.41,0.122,0.000,2.372,5.170
malF,0,0.99641900284981,0.0090745427170407,4.27710077798863,0.00126138201486303,71,138,216,141,15.771,13.831,29.204,21.819
modB,0,0.853876689409984,0.00907544397703971,4.68533541488202,0.0012656231396552,82,223,254,200,18.214,22.351,34.342,30.948
eutC,0,0.979603265107543,0.00907544397703971,3.83842931767741,0.0012641690812613,57,96,141,114,12.661,9.622,19.064,17.641
yhfA,0,-0.600334793948718,0.00915429804459196,6.01745679526498,0.00127869559987951,396,829,365,314,87.960,83.088,49.349,48.589
ppnN,0,0.526642225567038,0.0091556633282164,8.5193440563286,0.00128096242029694,1529,3153,2933,2750,339.625,316.015,396.551,425.542
aqpZ,0,-0.821556645995945,0.00917055149872329,4.71438973879679,0.0012854574073494,181,348,124,129,40.204,34.879,16.765,19.962
ppsR,0,-0.692468259761597,0.00917055149872329,5.15772608583128,0.00128720439403848,228,466,188,173,50.644,46.706,25.418,26.770
ltaE,0,0.534476477271703,0.00922804793151994,7.40658469095165,0.00129736728288942,696,1473,1457,1189,154.597,147.634,196.991,183.989
lptB,0,0.564520382507177,0.00922913715727836,7.6851800029157,0.00130126832855042,775,1899,1754,1490,172.145,190.331,237.146,230.566
bioP,0,0.650190711859794,0.00922913715727836,5.7069039667855,0.00130170596640071,214.732,420,463.808,379.817,47.697,42.095,62.708,58.774
modA,0,0.733524528709363,0.00923414808181675,5.18348631572026,0.00130450663378046,133,304,301,305,29.542,30.469,40.696,47.196
bluF,0,0.551040319609092,0.00923838852253954,8.82752460006427,0.00130750069549954,1850,3928,3565,3528,410.926,393.691,481.999,545.931
lhr,0,0.556904842917489,0.00923838852253954,6.95295918356816,0.00131221333006627,525,1029,1039,899,116.614,103.133,140.476,139.113
mgrB,0,-0.82314001031446,0.00923838852253954,5.88548432368309,0.00131348517089168,443,730,282,286,98.400,73.166,38.127,44.256
mqsR,0,-0.876194346687831,0.00923838852253954,4.32475014126785,0.00131322831054556,146,264,104,85,32.430,26.460,14.061,13.153
sufE,0,0.655513186738292,0.00930579420005116,6.0863749181668,0.00132517885660592,282,539,551,544,62.638,54.022,74.497,84.180
yqgF,0,0.586023005674907,0.0093186992014756,6.23812734984638,0.00132912965934879,290,670,638,560,64.415,67.152,86.260,86.656
slyA,0,-0.724459118637306,0.00933551588697507,7.84189343538383,0.00133364512671072,1268,3530,1153,1151,281.651,353.801,155.889,178.109
rcnB,0,-0.720680392041987,0.00934803649797993,5.53797419386922,0.00133755352159305,314,588,232,232,69.746,58.933,31.367,35.900
yagJ,0,-0.955099646860013,0.00938581816932415,4.95996011237289,0.00134508777392582,251,394,142,142,55.753,39.489,19.199,21.973
talA,0,0.524609210909556,0.00940703079072931,9.88107589289151,0.00135026088220672,3963,8042,7656,6955,880.271,806.025,1035.115,1076.234
ybgC,0,-0.625306345455518,0.00944457896438381,5.84716326487857,0.00135779207787287,341,770,332,269,75.744,77.175,44.887,41.626
yjcH,0,1.07328069172934,0.00946724747490035,3.59385880517464,0.00136319776566025,47,78,129,94,10.440,7.818,17.441,14.546
insO,0,-1.14844026709667,0.00955663519568406,3.89396908632579,0.00137823582413947,92.5738,261.126,59.3759,71.4239,20.563,26.172,8.028,11.052
glpQ,0,-0.702598690369207,0.00970636116372335,5.46417263560073,0.00140202994587115,277,588,218,228,61.528,58.933,29.474,35.281
ispH,0,0.513000945324661,0.00971950697866179,7.66273579115185,0.00140613275564313,850,1747,1658,1468,188.804,175.096,224.167,227.162
sbp,0,-0.959976952513911,0.00973147689310124,7.25377398400915,0.00141007114165344,865,2692,865,577,192.136,269.811,116.951,89.286
aceE,0,0.543671501619482,0.00974661197557031,11.834019858284,0.00141592381251594,15375,30658,30312,26693,3415.130,3072.757,4098.277,4130.540
ybjG,0,-1.01890780770752,0.00974661197557031,4.77989958123584,0.00142110464859222,229,352,119,126,50.866,35.280,16.089,19.498
lrhA,0,-0.755824329654101,0.00974661197557031,6.48996831341809,0.0014210541874123,659,1081,495,396,146.379,108.345,66.926,61.278
waaQ,0,0.528426516102601,0.00974661197557031,7.39985991752063,0.00141895783182865,683,1491,1350,1268,151.710,149.438,182.524,196.213
rsmB,0,0.583231258527036,0.00982727553214561,8.18956050981429,0.00143509420469428,1072,2731,2515,2116,238.115,273.720,340.036,327.435
rapZ,0,0.523181389817415,0.00985797498375869,8.28600554643569,0.00144393052901925,1317,2656,2671,2179,292.535,266.203,361.128,337.184
viaA,0,0.7233108668734,0.00985797498375869,6.30212461167664,0.00144553880139846,279,690,783,550,61.972,69.157,105.864,85.108
coaA,0,-0.886902607519264,0.00985797498375869,6.0866611488681,0.00144628340464668,533,843,380,267,118.391,84.491,51.377,41.316
ribC,0,-0.529687367557936,0.00985971112874419,7.24070612501843,0.00145055776735805,865,1965,851,775,192.136,196.946,115.058,119.925
dppA,0,0.564653934621251,0.00985971112874419,11.0948407029081,0.00145100964230272,9397,17731,18511,15927,2087.283,1777.123,2502.745,2464.583
atpF,0,0.668456287159012,0.0098775848798386,10.2600711177751,0.00145587985757258,4217,11608,10527,9419,936.690,1163.434,1423.283,1457.519
putA,0,-0.661002318763288,0.00989113835382422,5.9596691167337,0.00146012042365977,417,764,332,303,92.625,76.573,44.887,46.887
poxB,0,0.645677645463451,0.00990962375538973,9.56328806801845,0.00146509630125036,2644,7154,6393,5814,587.291,717.023,864.354,899.673
yibQ,0,0.660143958372504,0.00992034478160312,6.01583311304804,0.00146893087128953,242,561,609,453,53.754,56.227,82.339,70.098
narY,0,-0.633032749423257,0.00993382498870285,5.82925195967239,0.00147361069148966,333,772,330,263,73.967,77.375,44.617,40.697
nirB,0,-0.730616286403484,0.00993382498870285,6.17532631263844,0.00147543205614521,442,1003,339,388,98.178,100.528,45.834,60.040
lysA,0,-0.735451961316556,0.0099436744321149,6.07439852945204,0.00147997546465753,472,837,390,286,104.842,83.890,52.729,44.256
cadC,0,-0.966912648021377,0.0099436744321149,4.14303951472493,0.00148140455825385,134,237,77,84,29.764,23.754,10.411,12.998
holC,0,0.579897206908104,0.00995041445419944,6.0839936325007,0.00148466501380119,266,594,581,493,59.085,59.535,78.553,76.288
mdtE,0,-0.726014136167875,0.00997374261931405,4.71161163126196,0.00149040734379319,161,361,141,122,35.762,36.182,19.064,18.879