name,Control,Treatment,FDR,AveExpr,P value,CRTL1,CRTL2,T2,T1,CRTL1 CPM,CRTL2 CPM,T2 CPM,T1 CPM
sulA,0,3.6345552590568,0.00000452530541515575,8.31790740900274,1.02614635264303e-9,436,950,7172,7196,97.681,96.127,1121.280,983.105
cheZ,0,3.14439008449691,0.00000549344641531979,6.9984272247661,3.37383298266867e-9,215,436,2302,2548,48.168,44.117,359.898,348.103
cheB,0,2.89175140306935,0.00000549344641531979,6.41643576166028,1.05448015594897e-8,152,326,1347,1638,34.054,32.987,210.592,223.781
cheR,0,2.95099072545975,0.00000549344641531979,6.00599654880216,1.24567945925619e-8,112,240,1050,1239,25.092,24.285,164.158,169.270
tap,0,2.70860493916978,0.00000549344641531979,7.28628350576571,1.20556902348924e-8,318,598,2350,2736,71.245,60.510,367.402,373.788
cheA,0,2.88563763380012,0.00000549344641531979,7.95195034060336,7.13903951842348e-9,478,885,3921,4672,107.091,89.550,613.014,638.280
motB,0,2.58628457853089,0.00000549344641531979,7.15324216656422,1.0935279670605e-8,280,608,2068,2401,62.731,61.522,323.314,328.020
recN,0,3.50144857312651,0.00000549344641531979,7.72052683956066,8.1285504617682e-9,259,749,4271,4919,58.026,75.789,667.734,672.025
ygdI,0,-2.68619862145806,0.00000549344641531979,8.53318654073407,1.17548191880285e-8,4807,9286,923,943,1076.957,939.620,144.303,128.831
tsr,0,2.58436718015971,0.00000549344641531979,7.91420232280593,1.18148600535254e-8,473,1036,3716,3833,105.971,104.829,580.964,523.658
flgK,0,2.67575802918142,0.00000603330403165922,7.95328412827492,1.84491370847843e-8,516,950,3926,4042,115.604,96.127,613.796,552.211
yebG,0,2.39877983503172,0.00000603330403165922,7.31986294084743,1.82935364459662e-8,332,735,2163,2543,74.381,74.372,338.166,347.420
cheY,0,3.00920151639752,0.00000603330403165922,5.92951553969222,2.09090224936618e-8,99,232,1095,1124,22.180,23.475,171.194,153.559
fliC,0,2.75257130578133,0.00000603330403165922,12.4887881512766,2.08214368759421e-8,9817,25342,90437,100177,2199.395,2564.275,14139.039,13686.007
recA,0,2.8606696713743,0.00000603330403165922,10.4977451146018,1.75262356989701e-8,2351,6209,24156,25590,526.717,628.269,3776.581,3496.061
tisB,0,2.93159834932703,0.00000603330403165922,5.81939132599557,2.18895384368589e-8,106,201,906,1079,23.748,20.339,141.645,147.411
uvrA,0,2.23022590240563,0.00000607520860755478,9.51281773043972,2.34191715030456e-8,1688,3411,9516,10730,378.178,345.148,1487.744,1465.914
hdeA,0,-2.2097184618631,0.00000619030864578787,9.56632658653995,2.5266565901175e-8,7702,17491,2126,2381,1725.551,1769.858,332.382,325.288
polB,0,2.39055231441591,0.00000785275579328621,7.70937158306578,3.56134049582141e-8,484,881,2868,3234,108.435,89.146,448.387,441.823
cheW,0,2.49157020713278,0.00000785275579328621,6.54426108728301,3.42634148585231e-8,201,392,1274,1554,45.032,39.665,199.179,212.305
motA,0,2.27901701969831,0.0000113015261908544,7.22738778115194,5.8340504744538e-8,360,657,1950,2252,80.654,66.480,304.866,307.664
dinD,0,2.62324870056687,0.0000113015261908544,6.6611822645654,6.1504904440024e-8,204,413,1649,1553,45.704,41.790,257.807,212.168
fdoH,0,2.37649723436818,0.0000113015261908544,7.8847904144203,5.98301849193313e-8,451,1193,3220.99,3712,101.042,120.716,503.574,507.127
lexA,0,2.19176852430893,0.0000113015261908544,9.14850827433822,5.69442561973391e-8,1224,2913,7666,7832,274.224,294.757,1198.512,1069.994
tar,0,2.2370022033719,0.0000126120880423146,7.32799374506931,7.14970977455474e-8,366,758,1934,2559,81.998,76.700,302.364,349.606
flgL,0,2.29138754590855,0.0000126762858867774,7.41650096162225,7.47354723483473e-8,341,873,2359,2499,76.397,88.336,368.809,341.409
dinB,0,2.57652002205229,0.0000153917867977622,5.49649482917122,1.01116843916772e-7,99,177,659,736,22.180,17.910,103.029,100.551
fliD,0,2.27477959921194,0.0000153917867977622,6.68710308900391,9.50686718696086e-8,218,505,1269,1660,48.841,51.099,198.397,226.786
glcD,0,2.96347295729592,0.0000153917867977622,4.61468743051514,1.0121583154991e-7,44,88,408,462,9.858,8.904,63.787,63.118
ybgS,0,-1.84078179790368,0.0000190121490601202,7.59195904698834,1.37736464936477e-7,1829,3690,608,696,409.768,373.379,95.056,95.086
ycgZ,0,-3.39226913808814,0.0000190121490601202,5.67838297039537,1.3795663717094e-7,697,1977,103,99,156.155,200.046,16.103,13.525
fdoI,0,2.04306485855298,0.0000190121490601202,6.81679035174118,1.31083364818984e-7,285,551,1315,1610,63.851,55.754,205.589,219.955
flgF,0,2.10775628424779,0.0000201765461031389,6.52566858258019,1.52358594320299e-7,204,483,1206,1247,45.704,48.873,188.548,170.363
pdeH,0,2.779204632582,0.0000201765461031389,5.57709310953196,1.55556137756627e-7,101,170,681,909,22.628,17.202,106.468,124.186
flgE,0,1.86439189446824,0.0000321322639560057,7.94805387367431,2.55017967904807e-7,583,1445,2944,3092,130.615,146.215,460.269,422.424
flgG,0,1.84572305715849,0.0000325975461051813,6.99784967311106,2.66102417185154e-7,316,723,1528,1574,70.796,73.158,238.890,215.037
flgI,0,2.24187277214875,0.0000326896882204829,5.33478992284637,2.74267225432623e-7,83,205,533,598,18.595,20.743,83.330,81.698
nadA,0,-1.8096674548279,0.0000347826163983175,7.23533672752631,2.99714154906137e-7,1291,3117,486,543,289.235,315.399,75.982,74.184
hdeB,0,-2.00246391424456,0.0000355233694927246,8.57962554920527,3.16814764197368e-7,3986,7432,1257,1187,893.021,752.020,196.521,162.166
fdoG,0,1.67259651890674,0.0000355233694927246,10.4773366981349,3.22207433040586e-7,3715.98,8693.94,15014,17581,832.526,879.712,2347.308,2401.886
fliA,0,1.82757578689681,0.0000394466341786495,6.51188616026457,3.66737415266356e-7,229,515,1081,1119,51.305,52.111,169.005,152.876
dinF,0,2.08429840593763,0.0000401639592591502,5.58872215275245,3.82513897706193e-7,118,235,559,709,26.437,23.779,87.395,96.862
flgH,0,2.15123169972021,0.0000415932711611459,5.15474008004732,4.08945050382155e-7,85,170,459,496,19.043,17.202,71.761,67.763
umuC,0,2.62719489338151,0.0000415932711611459,5.12581716232679,4.14989553535243e-7,65,151,465,664,14.563,15.279,72.699,90.715
rcsA,0,-2.50738329430067,0.0000418913820959177,5.22164151884464,4.27463082611405e-7,478,846,95,103,107.091,85.604,14.852,14.072
proV,0,-1.51795790626726,0.0000587129351301031,8.83748358829062,6.12425173692686e-7,3673,8264,1683,1769,822.897,836.207,263.122,241.678
umuD,0,2.7179705777934,0.0000659082649902184,4.22700860273408,7.02423685836795e-7,33,79,267,356,7.393,7.994,41.743,48.636
sodB,0,-1.58642097971501,0.0000742989021835741,8.58915863750924,8.08695533970875e-7,3007,7512,1293,1554,673.686,760.115,202.149,212.305
dinG,0,1.48750740180367,0.0000750200880264014,7.04135031084836,8.50567891455799e-7,376,830,1348,1474,84.239,83.985,210.748,201.375
uvrD,0,1.5378025696459,0.0000750200880264014,8.39795863815351,8.44886645651901e-7,1027,1935,3322,4046,230.088,195.796,519.366,552.757
ymgA,0,-3.66921959624618,0.0000759211744660081,4.78818388975973,8.77999976817781e-7,569,871,54,44,127.478,88.134,8.442,6.011
uvrB,0,1.46679681249148,0.000103011557353344,8.82886441754254,0.00000125529914254068,1244,3041,4663,5002,278.705,307.709,729.020,683.365
uhpT,0,2.08250061581236,0.000103011557353344,5.2542408024166,0.00000125017032954056,101,175,496,495,22.628,17.708,77.545,67.626
ilvL,0,-1.92352291857211,0.000103011557353344,5.83372287937964,0.00000126136600840829,588,1067,186,186,131.735,107.966,29.079,25.411
pyrB,0,-2.14965426856765,0.000105187389611256,8.17738663726514,0.00000131186086816759,2912,6485,674,1138,652.403,656.196,105.374,155.472
cusA,0,1.47661887877794,0.000105384650993533,10.6645891332549,0.00000136211453665111,4916,9744,17187,17409,1101.378,985.964,2687.038,2378.387
yfdI,0,-1.67388552139375,0.000105384650993533,7.59037128262384,0.00000134049225573553,1614,3708,721,659,361.600,375.201,112.722,90.031
ybfA,0,-1.38971493117065,0.000106168622745981,7.37313751676486,0.00000147895034866196,1337,2725,633,675,299.541,275.734,98.964,92.217
hns,0,-1.42284766328058,0.000106168622745981,10.3953470206138,0.00000144880396568236,10113,24386,4995,5515,2265.710,2467.540,780.925,753.450
ilvD,0,1.32532311687822,0.000106168622745981,8.81898898023485,0.00000148385073759425,1437,2868,4275,4873,321.945,290.204,668.359,665.741
fdhE,0,1.37985208131245,0.000106168622745981,7.03415237547025,0.00000149262009302739,384,866,1258,1453,86.031,87.628,196.677,198.506
pyrI,0,-1.86314051973623,0.000106168622745981,7.09959492542914,0.00000146008509631705,1328,2620,370,566,297.524,265.109,57.846,77.326
flgJ,0,1.87793149178369,0.00010804650033266,5.29348125766106,0.00000154352143332372,92,225,480,487,20.612,22.767,75.044,66.533
fliS,0,2.31803739535709,0.000110815575715742,4.30992648787037,0.00000160820790154364,41,95,245,328,9.186,9.613,38.304,44.811
fliZ,0,1.63508109555569,0.000113904400458082,5.51635964860021,0.00000167886304530053,124,273,492,540,27.781,27.624,76.920,73.774
rdcB,0,1.68611698482252,0.000116046360882384,5.59846905255707,0.00000173674825810371,139,267,536,568,31.141,27.017,83.799,77.599
bfr,0,-1.54033836325617,0.000122392875214541,8.89076529058247,0.00000185948359169484,4372,7571,1639,1931,979.500,766.085,256.243,263.810
glcB,0,1.29091626467955,0.000123117310326732,7.72283184633929,0.00000189840750617183,640,1439,2005,2224,143.385,145.608,313.464,303.839
ycgR,0,1.91261065964321,0.000125924010872008,4.99530542480897,0.00000197023962588856,89,156,374,407,19.940,15.785,58.472,55.604
iraP,0,-2.72977704731917,0.00013301638502814,4.38966496783047,0.00000211137119092286,303,495,50,52,67.884,50.087,7.817,7.104
glcE,0,2.52739617136387,0.000149694213801112,3.88088367274485,0.00000241004289793173,25,71,228,233,5.601,7.184,35.646,31.832
tdk,0,-2.02376963347252,0.000153571659543676,4.74405699637733,0.00000250729240071308,277,539,71,99,62.059,54.540,11.100,13.525
sra,0,-1.24486354387587,0.000158832506297352,9.45222799052403,0.00000262920021762057,5369,10961,2804,3012,1202.867,1109.108,438.381,411.494
yebO,0,-1.41880952948251,0.000161015800709946,8.04540599445357,0.0000027748754770875,2263,4169,1022,1042,507.001,421.848,159.781,142.356
yedE,0,-2.29807164127282,0.000161015800709946,4.36716401311203,0.00000273322283992407,204,514,50,70,45.704,52.010,7.817,9.563
fliI,0,1.9273662448968,0.000161015800709946,5.09552097835796,0.00000274521252120445,72,207,406,461,16.131,20.946,63.475,62.981
yahO,0,-1.62193889702135,0.000166858020305382,8.14802965114293,0.00000291339400533206,2770,4517,981,1088,620.589,457.061,153.371,148.641
fliT,0,2.2046545565567,0.000180675026297616,4.23319537804828,0.00000319561271002587,36,102,234,294,8.065,10.321,36.584,40.166
zapC,0,-2.58027330345441,0.00018657299164659,5.31566353076128,0.0000033422372653244,581,845,91,115,130.167,85.503,14.227,15.711
bdm,0,-2.57727196233096,0.00018792280358025,5.66794352441558,0.00000343966207357449,747,1059,132,131,167.357,107.157,20.637,17.897
fliK,0,1.91511710737665,0.00018792280358025,4.81424735879642,0.00000345164333106581,61,167,346,362,13.666,16.898,54.094,49.456
thiF,0,1.28651189647808,0.000192315063845526,8.58090929730555,0.00000357592635721839,1285,2371,3562,4088,287.891,239.914,556.888,558.495
rarA,0,1.22199940912754,0.000197427594683197,7.54634127564243,0.00000382537088929565,625,1217,1691,1957,140.025,123.144,264.373,267.362
ymgC,0,-3.80472581960963,0.000197427594683197,6.07388461696336,0.00000388155534197105,1544,2054,160,83,345.917,207.838,25.015,11.339
sufD,0,1.16617954757215,0.000197427594683197,7.59626026873847,0.00000389483009919232,628,1344,1710,2003,140.697,135.995,267.344,273.646
recX,0,3.44189981320828,0.000197427594683197,4.580237382196,0.00000374630373367255,57,52,499,448,12.770,5.262,78.014,61.205
ilvA,0,1.15781884629429,0.000197427594683197,7.88204617187279,0.00000385471393069842,776,1627,2130,2375,173.855,164.631,333.007,324.468
gabD,0,1.19739173502873,0.000212340757876221,7.73767052659152,0.00000423718519118083,719,1402,1908,2225,161.084,141.864,298.299,303.976
torI,0,-1.98366118866654,0.000216259790560485,5.60261914445719,0.00000436442661221841,545,878,154,155,122.101,88.842,24.077,21.176
upp,0,-1.60495117273769,0.000224482031648105,6.70585498712736,0.00000458126595200215,835,2011,313,465,187.073,203.487,48.935,63.527
cho,0,1.42227476580136,0.000227667306307606,5.93256474877432,0.00000469789679682361,179,392,561,726,40.103,39.665,87.707,99.185
flgM,0,1.4605637512908,0.000229108450820897,6.08360548437868,0.00000477958672914343,180,461,703,745,40.327,46.647,109.908,101.781
flgD,0,1.72559935250131,0.000237427479837103,6.53720366431762,0.00000500697406459198,204,627,1019,1174,45.704,63.444,159.312,160.390
pnuC,0,-1.19964628580675,0.000240679385599806,7.04280067052046,0.0000051301274935106,969,2087,499,617,217.094,211.177,78.014,84.293
flgN,0,1.44947381493284,0.000241988665472461,6.0253391529188,0.00000526402404255832,207,383,675,691,46.376,38.755,105.530,94.403
yciY,0,-1.7706302758314,0.000241988665472461,5.38272811661295,0.00000526778047286989,421,725,127,160,94.321,73.360,19.855,21.859
gpp,0,1.13528051599875,0.000252725354556929,8.89975417088097,0.00000555881165351975,1637,3212,4262,4793,366.752,325.012,666.327,654.811
rpsT,0,-1.11873475169337,0.000253593618060634,10.4657647126631,0.0000056929179564632,10125,21721,5831,6440,2268.399,2197.878,911.626,879.822
nadB,0,-1.13487282828176,0.000253593618060634,8.05889614309274,0.00000566980783010863,1966,4019,1114,1185,440.461,406.670,174.164,161.893
ivy,0,-1.26811379537876,0.000268659308561038,7.69296458837288,0.00000615296829130723,1693,3083,823,880,379.299,311.959,128.669,120.224
slp,0,-1.87983325047322,0.000268659308561038,7.03976535432343,0.00000609377388893008,1274,2518,509,378,285.426,254.788,79.578,51.642
leuC,0,1.25088791604014,0.000277860492405795,10.4284461966718,0.00000645627421317614,4715,8552,12524,14746,1056.346,865.349,1958.019,2014.573
lgoT,0,1.66672289688617,0.000277860492405795,5.75913416039547,0.00000648971218090632,168,283,621,598,37.639,28.636,97.088,81.698
feoA,0,-1.4697602977184,0.000289456324913186,6.657135181427,0.00000689181725983776,775,1831,410,367,173.631,185.273,64.100,50.139
ridA,0,-1.10386749707496,0.000289456324913186,7.58720987958028,0.00000684416199465648,1366,2946,759,923,306.038,298.096,118.663,126.099
codB,0,-1.43597792193769,0.000293875645154827,6.87736717431918,0.00000706367763864211,916,2071,375,553,205.220,209.558,58.628,75.550
yjiT,0,-1.4183660213576,0.00029412564139921,5.54947669101033,0.00000713638177544568,356,829,163,205,79.758,83.884,25.484,28.007
proX,0,-1.20648756762781,0.000333577248941267,7.6996565492073,0.00000816923874958206,1412,3573,819,932,316.344,361.540,128.044,127.328
ydbK,0,1.06115135698237,0.000346443401374236,9.24719639158465,0.00000856288679133599,2053,4363,5059,6212,459.953,441.478,790.931,848.673
rmuC,0,1.35181952954949,0.000361669952678256,6.38038640326388,0.00000902124598517193,224,602,795,924,50.185,60.914,124.291,126.235
gor,0,1.02596577539931,0.000375930252174168,7.9495266464413,0.00000946219002071036,850,1787,2084,2433,190.433,180.821,325.815,332.392
cspE,0,-2.26057996704339,0.00038648757908001,12.7018358653413,0.00000990319647075763,94032,113799,20053,18962,21066.871,11514.952,3135.112,2590.555
flhB,0,1.92396850415207,0.00038648757908001,3.81456289737333,0.00000983479465053372,31,81,165,190,6.945,8.196,25.796,25.957
rapA,0,1.06016601499067,0.000387852175270622,8.08353097677843,0.0000101140589923178,908,1966,2232,2803,203.428,198.933,348.954,382.941
cusB,0,1.51249549436299,0.000387852175270622,10.5498783979022,0.0000100959296189382,3720,10760,16083,16198,833.427,1088.770,2514.437,2212.942
rnr,0,1.22860230034763,0.000394253250112006,9.40261653862664,0.000010370380275055,2116,4679,6869,6369,474.067,473.453,1073.908,870.122
narG,0,-1.48142766403112,0.000405400744224497,5.7029764689007,0.0000107555299488132,436,878,211,187,97.681,88.842,32.988,25.548
rhlB,0,1.08814427216226,0.000451888140313764,9.8107553557261,0.0000120913379947901,3187,6020,8003,8748,714.014,609.144,1251.200,1195.136
leuB,0,1.06002616231071,0.000460424519152902,9.81682884165289,0.0000124241536914275,3194,6177,7591,9121,715.582,625.031,1186.787,1246.095
lnt,0,1.07713347902105,0.000466309933492306,7.80148728952432,0.0000127944448872039,761,1570,1817,2353,170.494,158.863,284.072,321.463
gadX,0,-1.69994405449745,0.000466309933492306,8.97410433925784,0.0000126939623243,5259,7875,1877,1698,1178.223,796.846,293.453,231.978
yfjW,0,-1.88780329872789,0.000468001121985431,5.85245338702888,0.000012946969814563,618,1017,214,170,138.456,102.907,33.457,23.225
bisC,0,1.06683997072287,0.000474032534164028,7.54850382459387,0.0000132213155787246,605,1395,1545,1942,135.544,141.156,241.547,265.313
yeaQ,0,-1.76346684954695,0.000500429915199841,9.4952535275988,0.000014071045234644,8134,10950,2326,2703,1822.336,1107.995,363.650,369.279
ydeI,0,-1.62464708261648,0.000507243534021467,5.37279577717771,0.0000143776511910847,407,669,143,155,91.184,67.694,22.357,21.176
yeeD,0,-1.24515499165535,0.000514380482520053,5.54754084247443,0.0000146965852148586,351,748,173,216,78.638,75.688,27.047,29.510
ybjX,0,-1.08546951632732,0.000515456688602954,6.71276186233372,0.000015005531520368,755,1564,450,469,169.150,158.256,70.354,64.074
glcF,0,1.35094090723885,0.000515456688602954,5.3161826520646,0.0000153117519743735,128,247,401,407,28.677,24.993,62.693,55.604
asd,0,1.02341419936045,0.000515456688602954,11.201019447447,0.0000152164947060815,7765,17794,20437,22462,1739.666,1800.517,3195.147,3068.719
hslU,0,1.00673337496527,0.000515456688602954,8.30249940645503,0.0000150921675973017,1139,2207,2686,3036,255.181,223.319,419.933,414.773
ytfK,0,-1.34914347156665,0.000515456688602954,7.34195022051907,0.0000150072045227468,1417,2396,654,643,317.464,242.443,102.247,87.846
trpE,0,1.06208335318116,0.000530254842146402,7.84913661762765,0.0000158715735064229,810,1594,2108,2142,181.472,161.292,329.567,292.636
csgD,0,-1.65857389933264,0.000556778036653742,5.58427073503148,0.0000167917185657478,486,769,167,174,108.883,77.813,26.109,23.772
spy,0,-1.22864352455917,0.000558151452814995,5.41271956622363,0.000016991026553004,315,681,170,185,70.572,68.908,26.578,25.274
nlpA,0,-1.1624923537681,0.000558151452814995,7.00598443174717,0.0000170862689637243,857,2178,497,606,192.002,220.385,77.702,82.791
minC,0,-1.063765576325,0.000562126932112776,7.11420451596954,0.0000176006953629966,1005,2025,539,692,225.160,204.903,84.268,94.540
yoaA,0,1.16211348492412,0.000562126932112776,6.99946892691464,0.0000175180801728887,377,970,1102,1370,84.463,98.151,172.288,187.167
yeiB,0,1.02716946292982,0.000562126932112776,6.73426782663021,0.0000175936893326109,375,753,900,1041,84.015,76.194,140.707,142.220
artJ,0,-1.26244727974549,0.000584568760896913,6.98412911067176,0.0000185830980407719,944,2067,427,635,211.493,209.153,66.758,86.753
stpA,0,-2.18905354190085,0.000584672383572206,4.35797747835301,0.0000188261855934815,225,440,42,86,50.409,44.522,6.566,11.749
gadA,0,-1.10612163989838,0.000585012548244562,7.97822947540227,0.000018969794648293,1753.46,3954.87,934.515,1286.83,392.844,400.180,146.103,175.804
yigZ,0,1.21323602143783,0.000601329201698928,5.97597982162746,0.0000196352392391487,199,432,621,604,44.584,43.713,97.088,82.517
ilvX,0,-1.88366819779528,0.000625699672413683,5.34323826930553,0.0000205728917233524,465,678,125,141,104.178,68.605,19.543,19.263
dinI,0,1.4981484561833,0.00062616458251044,5.41683299124652,0.0000207301653166722,141,236,464,442,31.590,23.880,72.542,60.385
ychH,0,-1.11725718611399,0.000632703503065889,5.78398197333651,0.000021090116768863,394,845,222,256,88.272,85.503,34.708,34.974
tatE,0,-1.22661214600561,0.000636258945691332,5.92128828721271,0.0000216414607378004,464,937,259,246,103.954,94.812,40.492,33.608
flgC,0,1.43617072179211,0.000636258945691332,4.84744207379804,0.0000214160496704276,75,200,278,336,16.803,20.237,43.463,45.904
katG,0,1.07679768763233,0.000636258945691332,9.14339340676545,0.0000215682162778728,2072,3702,4796,5738,464.210,374.593,749.813,783.916
ariR,0,-4.12741049186722,0.000641085942889691,5.31654092901112,0.0000221258213255577,1146,1221,85,43,256.749,123.549,13.289,5.875
uspF,0,-1.26100430011169,0.000641085942889691,5.52304732313157,0.0000222417572022954,373,693,180,197,83.567,70.122,28.141,26.914
ugd,0,-1.04138025807696,0.000641085942889691,6.36321444913424,0.0000221386143690328,569,1238,352,381,127.478,125.269,55.032,52.052
sufS,0,1.00454863719967,0.00064585651682303,7.38246699885146,0.000022609558278186,611,1155,1389,1630,136.888,116.871,217.158,222.688
fliG,0,1.35955429339854,0.00064585651682303,5.3752759660176,0.0000228312752585354,111,298,382,481,24.868,30.154,59.722,65.713
gabT,0,1.01125014035785,0.000647098230178029,8.08713839906209,0.0000230372839315081,1003,1856,2262,2679,224.712,187.803,353.644,366.000
emrE,0,-2.05861789632118,0.000675080370029037,3.6063000113268,0.0000244927118377882,132,238,40,35,29.573,24.082,6.254,4.782
puuC,0,1.20633740628527,0.000677386256498316,6.58497553010834,0.0000247299744435893,343,597,920,928,76.846,60.408,143.834,126.782
glgS,0,-1.67724772902028,0.000684833790744089,6.17212583180503,0.000025157159659987,766,1115,234,278,171.614,112.823,36.584,37.980
glsA,0,-1.39719114407452,0.000691119367832135,7.38710223169831,0.0000255447748200993,1561,2397,636,680,349.725,242.545,99.433,92.900
dctR,0,-1.86892894774896,0.000707802801397754,4.74152588099517,0.0000264824177393718,295,457,91,85,66.092,46.242,14.227,11.613
argR,0,-1.00392475411653,0.000721604390109067,6.4078166873193,0.0000273260619383705,571,1278,360,407,127.926,129.317,56.283,55.604
yciF,0,-1.20806871739872,0.000735877132770233,5.41598090166463,0.0000282456692706261,314,679,155,206,70.348,68.706,24.233,28.143
ruvA,0,1.03423368461814,0.000735877132770233,6.24148539355622,0.0000283671457076961,244,574,660,729,54.666,58.081,103.185,99.595
pdeL,0,-1.66173239709894,0.000743021618517242,4.13875548173005,0.0000288110423506686,148,335,51,77,33.158,33.898,7.973,10.520
astD,0,1.7486063906568,0.000746871441868902,3.65570971577552,0.0000295946354509452,38,64,138,151,8.513,6.476,21.575,20.629
yeeE,0,-1.1915011215522,0.000746871441868902,6.50971196775946,0.0000303955861649894,629,1523,324,457,140.921,154.107,50.655,62.435
lhgD,0,1.07418822429176,0.000746871441868902,5.95617000362226,0.0000306539072513087,221,422,541,605,49.513,42.701,84.581,82.654
rlmJ,0,1.18504908090566,0.000746871441868902,6.84970604372952,0.000030515700360818,427,705,1003,1207,95.665,71.337,156.810,164.898
metF,0,-1.47520544962102,0.000746871441868902,6.381670706334,0.0000304699512574431,601,1621,257,397,134.648,164.024,40.180,54.237
lamB,0,1.44632836667853,0.000746871441868902,5.27755778619806,0.0000305443304543724,127,224,338,482,28.453,22.666,52.843,65.850
caiF,0,-1.88340803612209,0.000781253295094872,3.70495816462459,0.0000322421994801058,137,236,39,46,30.693,23.880,6.097,6.284
fliP,0,1.60588158604086,0.000785122940700661,3.75770611496134,0.0000325799315528846,40,76,143,155,8.962,7.690,22.357,21.176
pdeG,0,-2.09204929911346,0.00078687188947139,4.65818499181462,0.000033010835619376,316,447,78,75,70.796,45.230,12.195,10.246
deaD,0,1.0049879151402,0.00078687188947139,10.757829455763,0.0000329177018193547,5635,13443,15585,15722,1262.462,1360.254,2436.579,2147.912
thiS,0,1.44978381493392,0.00078687188947139,4.83312560390533,0.0000331877939777049,82,182,250,361,18.371,18.416,39.085,49.319
dhaR,0,-1.19869737855407,0.000791071976461464,5.04983435239441,0.0000336178351954344,239,530,134,145,53.545,53.629,20.950,19.810
arnB,0,-1.0645635406909,0.000791071976461464,6.001422604202,0.0000337237033049331,473,922,269,295,105.971,93.294,42.056,40.302
cusF,0,1.2696283709606,0.000792194214844437,10.0281394050384,0.000033990223737941,2850,8059,10488,10188,638.512,815.464,1639.708,1391.867
glnL,0,1.02937306059663,0.000792194214844437,6.57115041885827,0.0000341308165125721,351,645,794,936,78.638,65.265,124.135,127.875
bfd,0,-1.05580334252114,0.00083939752578737,6.1860104536637,0.0000365474912660754,535,1045,316,327,119.861,105.740,49.404,44.674
ybaT,0,-1.37171025650244,0.000846998648951899,6.51442198113007,0.0000374523212121588,839,1315,353,369,187.969,133.061,55.188,50.412
thrL,0,-1.18318983782602,0.000854197493247762,5.09413309256984,0.0000400949843769358,262,514,136,152,58.698,52.010,21.262,20.766
mppA,0,-1.08574284025453,0.000854197493247762,5.94303991093131,0.0000400773345050304,423,959,234,310,94.769,97.038,36.584,42.352
flhA,0,1.23512210499993,0.000854197493247762,4.97851498839752,0.0000400580916610977,91,229,298,325,20.388,23.172,46.590,44.401
yfjH,0,-1.49286434955475,0.000854197493247762,4.87869186011415,0.0000394807466649673,274,457,109,112,61.387,46.242,17.041,15.301
glcG,0,1.45117177777482,0.000854197493247762,4.8663231583397,0.0000398929476406017,92,172,322,290,20.612,17.404,50.342,39.619
feoB,0,-1.35901763444018,0.000854197493247762,7.7211347350362,0.0000393464890619829,1718,3356,949,747,384.900,339.583,148.368,102.054
thiE,0,1.13916345739909,0.000854197493247762,8.0056975377243,0.0000397533856438805,969,1576,2240,2631,217.094,159.470,350.205,359.443
yhiD,0,-1.35968445909775,0.000872321899084555,5.50064322025246,0.0000411435272130584,395,681,184,174,88.496,68.908,28.767,23.772
metN,0,-1.70733438512388,0.000890925032854968,5.20804044366224,0.0000422229777475484,285,783,100,171,63.851,79.229,15.634,23.362
ycgJ,0,-1.48113653803241,0.000902813536040022,5.1617556652549,0.0000437046100446823,340,543,129,141,76.173,54.944,20.168,19.263
mgtT,0,-2.81185626964327,0.000902813536040022,3.43256515256475,0.0000444916794911865,167,251,32,20,37.415,25.398,5.003,2.732
blr,0,-2.22332427115503,0.000902813536040022,4.0145943340985,0.0000448335973679739,213,300,43,50,47.720,30.356,6.723,6.831
yfhL,0,-1.60834347169103,0.000902813536040022,3.99669289701098,0.0000438090488025821,150,266,53,62,33.606,26.916,8.286,8.470
agaR,0,-1.08031300223245,0.000902813536040022,6.74924027257676,0.0000448335384417555,705,1745,481,466,157.948,176.571,75.200,63.664
yjbE,0,-1.94144925024153,0.000902813536040022,3.97262432603567,0.0000447145263135497,177,279,42,59,39.655,28.231,6.566,8.060
thiG,0,1.17876547156187,0.000936103772232376,8.43863591407565,0.0000471791388346017,1310,2062,3047,3633,293.492,208.647,476.372,496.334
yciE,0,-1.35723859730221,0.000942257692845262,5.58310773882266,0.0000480878877734455,420,722,158,226,94.097,73.057,24.702,30.876
iap,0,-1.1818921159705,0.000942257692845262,5.04854292664549,0.0000482880359598706,229,544,127,155,51.305,55.046,19.855,21.176
ymfK,0,-1.03147536653853,0.000945613714925627,5.60714530709151,0.000048674447457623,330,741,205,231,73.933,74.979,32.050,31.559
ytiC,0,-3.33360653662902,0.00100797084337288,2.04505483571213,0.0000532556023822861,70,124,10,6,15.683,12.547,1.563,0.820
ydeJ,0,-1.29412829039055,0.00104445470655046,4.31748329592194,0.0000556568834556369,153,322,74,88,34.278,32.582,11.569,12.022
mepS,0,-1.06884050978841,0.00105426516824724,8.59759447987321,0.0000566577879534229,3112,5109,1612,1813,697.211,516.963,252.022,247.689
hdeD,0,-1.15087745616708,0.00108601399085954,6.86545831450749,0.0000586102788717848,957,1608,434,570,214.406,162.708,67.852,77.872
fliJ,0,1.81208600282287,0.00109067149661554,3.05220906913029,0.0000592197894970663,19,49,92,109,4.257,4.958,14.383,14.891
uspG,0,-1.46152977574358,0.00109436075055379,4.9289522865313,0.0000598052020143908,287,461,103,129,64.299,46.647,16.103,17.624
ugpC,0,1.07326261241855,0.00110965648955206,5.54874354755708,0.0000611443371793994,169,315,387,478,37.863,31.874,60.504,65.304
yciG,0,-1.52516856399804,0.00111083616377626,5.91353178084078,0.0000614612299232218,605,889,227,222,135.544,89.955,35.489,30.329
wzc,0,-1.54997886875527,0.00112892040930877,3.56920126337421,0.0000632297825621921,96,215,41,47,21.508,21.755,6.410,6.421
puuE,0,1.04615125075536,0.00117353496618884,5.60656166768541,0.0000673252486271603,152,376,435,465,34.054,38.046,68.008,63.527
fliL,0,1.33983378708324,0.0011763257428204,4.21533273062995,0.0000685523165317106,53,127,166,216,11.874,12.851,25.953,29.510
argA,0,-1.39541847837204,0.0011763257428204,6.53369531278349,0.0000684951794189296,672,1701,278,477,150.554,172.119,43.463,65.167
puuA,0,1.05997778156625,0.00118278467905485,8.42472874292639,0.0000694651319444913,1009,2832,3077,3272,226.056,286.561,481.062,447.015
lpp,0,-1.03259835893752,0.001185564930707,14.1860021599511,0.0000698972521505262,132833,271050,86520,80009,29759.823,27426.671,13526.650,10930.690
csgG,0,-1.02667088102206,0.00119358904575957,5.50325547624196,0.0000709253133277747,298,705,193,214,66.764,71.337,30.174,29.236
puuB,0,1.09002701292281,0.00119358904575957,5.83341976179863,0.0000715234256478644,195,396,548,513,43.688,40.070,85.675,70.085
rmf,0,-1.70381896794447,0.00119843995346513,9.03116828554775,0.0000725586094274805,6153,7288,1707,2020,1378.514,737.449,266.875,275.969
matP,0,-1.16164418359316,0.00125966648753399,4.79244953198309,0.0000774080766715899,201,430,119,117,45.032,43.510,18.605,15.984
yobF,0,-1.00251189777349,0.00130000939637972,9.85446268307642,0.0000813611322904316,7154,12122,4113,4251,1602.778,1226.586,643.032,580.764
hisC,0,1.06677219154615,0.00130000939637972,7.18398277479125,0.0000811800348396954,567,914,1211,1468,127.030,92.485,189.329,200.556
ves,0,1.41938309523724,0.00132880203058584,3.89186814849999,0.0000837657515879509,50,85,139,166,11.202,8.601,21.731,22.679
fliM,0,1.09533471770415,0.00135111042156459,5.19074429502229,0.0000860911629160201,120,262,294,394,26.885,26.511,45.964,53.828
yedF,0,-3.28501915103624,0.00135873347376512,1.29004412087764,0.0000875012032991593,38,77,4,5,8.513,7.791,0.625,0.683
ybdL,0,-1.53497436993408,0.00137769478361426,3.50574196998747,0.0000893470993455055,88,211,39,46,19.715,21.350,6.097,6.284
hisH,0,1.03190648602643,0.0013791399417431,6.39902237895394,0.0000897535517642338,313,570,655,893,70.124,57.676,102.404,122.000
ybdR,0,-1.44787078825754,0.00141661357323369,6.34214240889306,0.0000928347670441123,811,1137,291,332,181.696,115.049,45.495,45.357
gmd,0,-1.59103474448201,0.00141989314637061,3.3763040181598,0.0000933716581513556,82,196,37,39,18.371,19.833,5.785,5.328
sufC,0,1.04270614824657,0.00142324969332966,6.88684143475533,0.0000942378481751157,466,751,1010,1143,104.402,75.991,157.905,156.155
yagK,0,-1.50854781012183,0.00146263541712203,3.66171196884121,0.0000978406911680268,106,216,50,45,23.748,21.856,7.817,6.148
ynaJ,0,-1.06160354278843,0.00150286330229159,7.65064326630897,0.000100872457478075,1638,2609,816,964,366.977,263.996,127.575,131.700
yfhH,0,-1.60100021347281,0.0015108265359115,3.38014421200367,0.000102020355184646,95,177,34,41,21.284,17.910,5.316,5.601
ynaI,0,-1.5526840417279,0.00155295710208706,4.09628783431396,0.000106490929431748,166,267,62,63,37.191,27.017,9.693,8.607
ymfJ,0,-1.57313142305252,0.00156763909755978,3.40435411649936,0.000108419484071595,89.5369,186.524,40.6028,37,20.060,18.874,6.348,5.055
yehE,0,-1.13608343800685,0.00158229881997148,5.21127129595408,0.00011015096093679,298,519,152,164,66.764,52.516,23.764,22.405
aphA,0,-1.4492111108754,0.00164634606322339,3.88420538658186,0.000115356220756469,118,252,62,52,26.437,25.499,9.693,7.104
yfdF,0,-2.0028601362132,0.00164783616666621,2.92822628964723,0.000115834288359756,84,142,24,23,18.819,14.369,3.752,3.142
ecnB,0,-1.69091444731638,0.00165441098721021,8.74118414120374,0.000117046763720994,5104,5822,1484,1569,1143.497,589.109,232.011,214.354
uraA,0,-1.17335149287931,0.00166532456728996,6.74132683723922,0.000118196505569559,766,1712,351,586,171.614,173.232,54.876,80.058
allE,0,-1.16750438535492,0.00171135660176483,4.4110808403416,0.000122239757268916,160,323,79,102,35.846,32.683,12.351,13.935
ycgL,0,-1.02921138389156,0.00176910597638545,4.99844255747601,0.000126765870416735,220,479,125,162,49.289,48.468,19.543,22.132
yfgG,0,-1.27986663950373,0.00176945554218009,6.32390804293172,0.000127192155753081,738,1084,306,346,165.341,109.686,47.840,47.270
hflD,0,1.13392506549803,0.00198991213281605,6.52589539601566,0.000145295171602441,363,553,749,987,81.326,55.956,117.100,134.842
ubiJ,0,1.14408810003715,0.00201864063258046,6.95246462755098,0.000147850549733217,329,1040,1086,1304,73.709,105.234,169.787,178.150
phoA,0,-1.02695016819559,0.00208348268933734,5.06958039000391,0.00015354464263824,251,468,135,164,56.234,47.355,21.106,22.405
yoeA,0,-1.41831875136466,0.00211905569276494,4.67455607883015,0.000157607770346236,244,372,86,111,54.666,37.641,13.445,15.165
yfiE,0,-1.05698188746406,0.00231164163402104,4.49364596505193,0.00017507671332495,155,342,96,103,34.726,34.606,15.009,14.072
atoS,0,-1.09913499328492,0.0023818208584841,4.29459381595519,0.000180931969975549,135,306,81,90,30.245,30.963,12.664,12.296
htrE,0,-1.85899395295457,0.00240400040008453,2.71009468251786,0.000185744954859313,58,134,17,27,12.994,13.559,2.658,3.689
fliN,0,1.50236907136845,0.00240400040008453,3.78615615734683,0.000185864346794855,33,97,125,182,7.393,9.815,19.543,24.865
gadW,0,-1.0387360518923,0.00240400040008453,7.94850785257394,0.000186276821583555,1987,3191,1132,1070,445.166,322.887,176.978,146.182
fliO,0,1.88958500804048,0.00243059598587262,2.39336903860108,0.000192277191075931,11,31,62,69,2.464,3.137,9.693,9.427
astA,0,1.44312298052944,0.00250497709143831,3.84545418856606,0.000202215837766902,49,80,157,140,10.978,8.095,24.546,19.127
ygdR,0,-1.09474120303259,0.00252231139224771,7.53832666365839,0.000204187112705767,1564,2391,826,797,350.398,241.938,129.138,108.885
yecF,0,-1.49967245016157,0.00257069743924417,3.15947508342104,0.000208687003004402,76,151,29,38,17.027,15.279,4.534,5.191
narK,0,-1.5587152309893,0.0027417195274071,3.40709594759696,0.000224435544080263,96,175,43,35,21.508,17.708,6.723,4.782
kch,0,-1.22899351520839,0.00274768714733945,5.48773601678113,0.000225547108239656,403,606,181,188,90.288,61.319,28.298,25.684
fliF,0,1.14695867521023,0.00275429586386517,5.48444879520527,0.000227494421574588,130,345,349,526,29.125,34.909,54.563,71.861
wza,0,-2.33060070307967,0.00275429586386517,2.19555404956165,0.000228478767703781,58,95,10,15,12.994,9.613,1.563,2.049
cysP,0,-1.0228069103037,0.00275429586386517,7.78301595234511,0.000228593584405642,1357,3679,808,1203,304.021,372.266,126.324,164.352
astC,0,1.43446263355117,0.00278360194750917,4.18498112446585,0.000234176036853946,68,95,192,179,15.235,9.613,30.018,24.455
ydgK,0,-1.17668497005937,0.00278661167690741,5.09051760802512,0.000235061121045251,287,470,147,139,64.299,47.558,22.982,18.990
yrbN,0,1.36970299592797,0.00283804923964118,5.30211298247161,0.000241867725373703,155,205,410,381,34.726,20.743,64.100,52.052
ydeP,0,-1.26331692893297,0.00291546733868491,3.54983037058798,0.000252932646964975,85,193,46,50,19.043,19.529,7.192,6.831
malE,0,1.02721615441899,0.00291546733868491,5.53585131262853,0.000254524926393127,146,361,352,512,32.710,36.528,55.032,69.949
yqiD,0,-1.50014934528944,0.00296754386800726,3.69624674971282,0.000260487960631872,125,197,48,48,28.005,19.934,7.504,6.558
bcsZ,0,1.08085654473229,0.00296754386800726,4.08116046313108,0.000260443096657559,56,121,141,174,12.546,12.244,22.044,23.772
ugpE,0,1.04486693265361,0.0030334714205689,4.50065011221639,0.00026895404205044,85,150,196,214,19.043,15.178,30.643,29.236
fliH,0,1.59050047907569,0.0030629684559496,4.25152331338773,0.000273652964091642,36,152,206,236,8.065,15.380,32.206,32.242
dgcZ,0,-1.49947517582561,0.00313569195535815,5.30709880933321,0.000283349129947927,413,558,157,139,92.528,56.462,24.546,18.990
astB,0,1.15817106455195,0.0031799373816477,3.85794353019364,0.000289871842952919,51,94,133,140,11.426,9.512,20.793,19.127
opgB,0,-1.02130445770586,0.00323552433725949,5.99349412067743,0.000295672632180402,448,936,223,362,100.370,94.711,34.864,49.456
yfiR,0,-1.00706833536092,0.0034180684901297,5.04774064675106,0.000317779610193464,257,440,137,158,57.578,44.522,21.419,21.586
tomB,0,-1.10456446841388,0.00342834745355184,8.14291370039243,0.000319512653834423,2233,3886,1396,1087,500.280,393.212,218.252,148.504
borD,0,-1.85799044609416,0.003517556665031,2.83742122122958,0.000329421973391792,75,129,17,31,16.803,13.053,2.658,4.235
ymfI,0,-1.38008319402223,0.00383208798201912,4.7381416318593,0.000368436576956033,250.463,381.476,116.397,93,56.114,38.600,18.198,12.705
yqhI,0,-1.04369593036906,0.00391307371489619,4.13761906657727,0.000378884915251853,130,250,73,82,29.125,25.297,11.413,11.203
idnR,0,-1.00739331386067,0.00396211826805848,4.42259414301379,0.000386328992123616,144,321,99,94,32.262,32.481,15.478,12.842
dgcJ,0,-1.08086067555142,0.00419411344100775,4.33394070256819,0.000413705067310288,129,329,91,87,28.901,33.290,14.227,11.886
gpt,0,-1.42228525831549,0.00421776057434282,4.87172060891226,0.000418763791476225,301,401,101,123,67.436,40.576,15.790,16.804
ydjF,0,-1.61525899034008,0.00437274325622108,3.47582555409356,0.000439608268960434,108,179,48,33,24.196,18.112,7.504,4.508
ynjE,0,-1.1323208836031,0.0048842311198994,4.31698443121917,0.000515296150212799,133,328,68,108,29.797,33.189,10.631,14.755
appY,0,-2.89475910301886,0.00525226533512734,3.33723801017411,0.00057048414864535,195,206,30,17,43.688,20.844,4.690,2.323
mntS,0,-1.00480567139404,0.0052772534145578,7.9623099092741,0.000574394929475679,2116,2987,1010,1250,474.067,302.245,157.905,170.773
paaH,0,1.79603487454457,0.00554673768091596,2.27563020067138,0.000613788659475508,15,23,45,68,3.361,2.327,7.035,9.290
metK,0,-1.00251206640203,0.00565930487014556,8.12276248523114,0.000630094941324596,1700,4644,979,1611,380.867,469.911,153.058,220.092
mliC,0,-1.21334329455114,0.00566803852551392,3.56155531629206,0.000634685963975874,97,172,41,57,21.732,17.404,6.410,7.787
yhgO,0,1.05642300812333,0.00580590992801686,4.45072286366205,0.000662216030338431,66,170,217,191,14.787,17.202,33.926,26.094
ftnB,0,-1.06502390987154,0.00586692322423731,4.37945697835767,0.000673166247497524,167,279,92,89,37.415,28.231,14.383,12.159
ynfU,0,-1.27118373451561,0.00589826313494586,5.61035223038277,0.000683449537858806,462,645,219,179,103.506,65.265,34.239,24.455
csgF,0,-1.11330994872541,0.0059920706717362,3.8072875996748,0.000703830523346792,90,233,52,71,20.164,23.577,8.130,9.700
yafN,0,1.17447690519133,0.00608522055700233,3.88248918403806,0.0007288189539062,38,120,126,166,8.513,12.142,19.699,22.679
yagH,0,1.13911380986734,0.00608522055700233,3.33659219402021,0.000733097267281096,35,67,83,107,7.841,6.780,12.976,14.618
acrZ,0,-1.50821686921806,0.00608522055700233,5.55714107542718,0.000738229704761054,539,616,164,185,120.757,62.331,25.640,25.274
gltW,0,-1.40011317793064,0.00608522055700233,5.33546632107262,0.000737042016496418,419,541.75,123.25,194.5,93.873,54.818,19.269,26.572
gltU,0,-1.40011317793064,0.00608522055700233,5.33546632107262,0.000737042016496418,419,541.75,123.25,194.5,93.873,54.818,19.269,26.572
gltT,0,-1.40011317793064,0.00608522055700233,5.33546632107262,0.000737042016496418,419,541.75,123.25,194.5,93.873,54.818,19.269,26.572
gltV,0,-1.40011317793064,0.00608522055700233,5.33546632107262,0.000737042016496418,419,541.75,123.25,194.5,93.873,54.818,19.269,26.572
ygaC,0,-1.22935030687376,0.00624045343912104,4.18529223416685,0.000774042637460138,166,245,65,84,37.191,24.791,10.162,11.476
evgA,0,-1.08518066533719,0.00631049045829177,7.21157641429617,0.000785591669297547,1267,1865,717,587,283.858,188.713,112.097,80.195
ydjX,0,-1.49286861499857,0.00667275349984059,2.70228070342405,0.000842794489662405,58,106,19,30,12.994,10.726,2.970,4.099
csgE,0,-1.5306568301972,0.00691244412687,3.99469695925044,0.000877770682777143,103,347,45,81,23.076,35.112,7.035,11.066
cnu,0,-1.63452048126687,0.00693748761037504,3.30868804383217,0.000886977663947536,111,146,32,37,24.868,14.773,5.003,5.055
nudI,0,-1.2844979740203,0.00705129910388427,3.02667001409233,0.000914590269256645,55,144,29,38,12.322,14.571,4.534,5.191
yibX,0,5.69392305471853,0.007770780364799,-0.9798780924832,0.00105253147064348,0.00958358,0,32.7313,15.6193,0.002,0.000,5.117,2.134
malF,0,1.00225281216448,0.007770780364799,4.27318399765547,0.00104687986512151,70,136,140,213,15.683,13.761,21.888,29.100
narU,0,-1.22448037757642,0.00781493653963217,5.22650569891666,0.00106148457760537,347,489,173,137,77.742,49.480,27.047,18.717
yjcH,0,1.07853248907911,0.00797594964081122,3.5973888627191,0.00109547089479709,46,78,94,128,10.306,7.893,14.696,17.487
insO,0,-1.15375225718827,0.00797962485132556,3.90166813975273,0.00110013875501268,92.5752,260.171,70.4224,59.3875,20.740,26.326,11.010,8.113
ycaN,0,-1.76135705774043,0.00822215284039827,1.86685254749639,0.00113916902165155,36,64,11,13,8.065,6.476,1.720,1.776
yjeT,0,1.0140488250814,0.00828258769662463,4.07689743952281,0.00114942033340913,69,107,131,170,15.459,10.827,20.481,23.225
ydfJ,0,-1.11281600125371,0.0090103568302855,3.04637570126418,0.0013004014351195,58,127,33,38,12.994,12.851,5.159,5.191
ygeV,0,-1.11794677981275,0.0090103568302855,3.332954803801,0.00130149598659679,80,142,37,49,17.923,14.369,5.785,6.694
ymjE,0,1.25314251351528,0.00913180129808505,3.64007844762134,0.0013480278106697,29,103,134,121,6.497,10.422,20.950,16.531
yaiO,0,-1.37773512112231,0.00913274183004506,2.42348079009997,0.00135248796353894,39,94,19,23,8.738,9.512,2.970,3.142
ybjG,0,-1.01122646138175,0.00940878412902547,4.7784634289861,0.0014059838415029,227,346,126,117,50.857,35.011,19.699,15.984
ileV,0,-1.31380014387303,0.00965990080519596,4.96538034741718,0.00147636579199594,309.667,414.667,92,164.667,69.378,41.959,14.383,22.497
ileU,0,-1.31380014387303,0.00965990080519596,4.96538034741718,0.00147636579199594,309.667,414.667,92,164.667,69.378,41.959,14.383,22.497
ileT,0,-1.31380014387303,0.00965990080519596,4.96538034741718,0.00147636579199594,309.667,414.667,92,164.667,69.378,41.959,14.383,22.497